mission_id,lat,lon,start,goal,cheb_dist,success,fail_mode,steps,energy_used,energy_left,hazard_hits,opt_reachable,opt_energy,opt_steps,efficiency_pct,extra_steps
1,32.875,-22.004,"[4, 1]","[10, 19]",18,True,,18,42.63,57.37,0,True,37.9,20,88.9,-2
2,31.337,102.983,"[1, 11]","[17, 1]",16,True,,16,44.94,55.06,0,True,43.11,16,95.9,0
3,39.316,47.399,"[1, 9]","[15, 3]",14,True,,15,32.56,67.44,0,True,29.49,18,90.6,-3
4,-44.409,-8.746,"[18, 8]","[3, 16]",15,True,,15,35.21,64.79,0,True,34.38,15,97.6,0
5,24.032,-67.548,"[17, 11]","[1, 15]",16,True,,16,29.73,70.27,0,True,28.07,16,94.4,0
6,16.166,19.289,"[1, 11]","[15, 6]",14,True,,15,21.49,78.51,0,True,20.66,15,96.1,0
7,-56.302,-22.782,"[19, 4]","[5, 8]",14,True,,21,64.43,35.57,6,True,37.73,14,58.6,7
8,42.408,-95.782,"[6, 2]","[6, 19]",17,True,,17,40.28,59.72,0,True,35.07,17,87.1,0
9,49.03,71.895,"[9, 5]","[15, 19]",14,True,,15,43.7,56.3,0,True,33.38,14,76.4,1
10,33.45,78.08,"[1, 1]","[8, 18]",17,True,,17,55.28,44.72,0,True,48.87,18,88.4,-1
11,-5.307,-107.149,"[10, 3]","[9, 17]",14,True,,14,16.66,83.34,0,True,16.66,14,100.0,0
12,31.022,79.007,"[15, 3]","[5, 18]",15,True,,19,22.31,77.69,0,True,27.31,19,100.0,0
13,9.727,-55.127,"[9, 15]","[1, 1]",14,True,,14,49.11,50.89,0,True,35.07,18,71.4,-4
14,-1.601,-3.345,"[6, 2]","[12, 18]",16,True,,16,48.94,51.06,6,True,39.8,16,81.3,0
15,-32.374,-166.531,"[19, 6]","[4, 19]",15,True,,20,61.11,38.89,0,True,56.33,15,92.2,5
16,-25.09,5.421,"[5, 8]","[19, 19]",14,True,,18,42.63,57.37,1,True,34.28,14,80.4,4
17,47.001,89.499,"[0, 18]","[18, 4]",18,True,,29,67.11,32.89,0,True,60.67,19,90.4,10
18,-45.269,119.201,"[18, 0]","[3, 4]",15,True,,15,30.97,69.03,0,True,29.49,15,95.2,0
19,-44.181,63.957,"[19, 2]","[5, 10]",14,True,,45,87.54,12.46,0,True,43.11,15,49.2,30
20,23.311,29.202,"[19, 6]","[2, 9]",17,True,,17,22.9,77.1,0,True,22.49,17,98.2,0
21,19.544,164.024,"[2, 12]","[16, 2]",14,True,,19,36.73,63.27,0,True,35.9,20,97.7,-1
22,-43.159,-29.119,"[2, 7]","[18, 8]",16,True,,16,41.41,58.59,0,True,38.8,18,93.7,-2
23,18.232,132.297,"[5, 4]","[19, 14]",14,True,,14,23.38,76.62,0,True,22.38,14,95.7,0
24,37.988,-142.1,"[7, 2]","[3, 16]",14,True,,14,17.66,82.34,0,True,16.66,14,94.3,0
25,-22.76,-128.206,"[18, 18]","[11, 3]",15,True,,17,44.63,55.37,0,True,39.04,15,87.5,2
26,-25.834,-124.699,"[1, 16]","[2, 1]",15,True,,15,35.8,64.2,0,True,34.07,15,95.2,0
27,50.981,-144.319,"[15, 12]","[1, 5]",14,True,,14,20.14,79.86,0,True,16.9,14,83.9,0
28,28.187,-107.134,"[11, 1]","[10, 18]",17,True,,29,84.64,15.36,0,True,46.07,17,54.4,12
29,-43.511,165.197,"[18, 18]","[1, 5]",17,True,,22,47.28,52.72,1,True,35.38,21,74.8,1
30,10.809,-145.782,"[2, 18]","[16, 2]",16,True,,24,55.46,44.54,1,True,47.7,21,86.0,3
31,-45.948,-148.425,"[18, 15]","[4, 13]",14,False,energy_exhausted,72,100.0,0.0,0,True,31.83,14,,
32,-19.963,143.412,"[3, 11]","[18, 18]",15,True,,16,28.73,71.27,0,True,27.07,17,94.2,-1
33,33.636,-7.427,"[0, 14]","[16, 19]",16,True,,16,37.38,62.62,1,True,36.97,16,98.9,0
34,-45.783,126.192,"[17, 12]","[2, 2]",15,True,,17,34.8,65.2,0,True,30.56,16,87.8,1
35,10.591,66.995,"[0, 2]","[13, 19]",17,True,,18,61.25,38.75,0,True,59.08,17,96.5,1
36,19.882,54.045,"[12, 1]","[13, 17]",16,True,,16,49.04,50.96,2,True,42.41,16,86.5,0
37,-56.52,-93.302,"[16, 3]","[0, 18]",16,True,,17,40.18,59.82,0,True,34.56,21,86.0,-4
38,18.752,-166.981,"[19, 4]","[5, 16]",14,True,,19,36.46,63.54,0,True,42.8,19,100.0,0
39,-53.132,108.347,"[19, 18]","[2, 15]",17,True,,17,28.04,71.96,0,True,22.56,17,80.4,0
40,23.774,121.673,"[1, 17]","[8, 3]",14,True,,18,60.08,39.92,0,True,45.21,15,75.3,3
41,28.155,-110.505,"[0, 0]","[4, 17]",17,True,,17,34.63,65.37,0,True,34.14,17,98.6,0
42,25.149,-117.674,"[2, 2]","[19, 2]",17,True,,17,49.0,51.0,0,True,49.0,17,100.0,0
43,-26.631,-70.306,"[2, 18]","[17, 10]",15,True,,15,38.04,61.96,0,True,36.63,15,96.3,0
44,2.433,107.953,"[1, 1]","[17, 16]",16,True,,17,51.25,48.75,0,True,48.67,16,95.0,1
45,-53.332,-78.98,"[18, 0]","[8, 16]",16,True,,33,79.57,20.43,4,True,47.53,16,59.7,17
46,42.786,-45.986,"[16, 15]","[0, 8]",16,True,,16,38.21,61.79,0,True,35.56,18,93.0,-2
47,-3.681,-125.758,"[6, 3]","[4, 18]",15,True,,15,41.21,58.79,2,True,36.04,15,87.5,0
48,-54.642,-96.173,"[15, 15]","[12, 1]",14,True,,14,16.9,83.1,0,True,15.24,14,90.2,0
49,-16.007,14.23,"[9, 17]","[1, 2]",15,True,,17,48.87,51.13,0,True,47.21,16,96.6,1
50,27.89,-21.568,"[1, 15]","[12, 1]",14,True,,14,25.21,74.79,0,True,22.38,14,88.8,0
51,6.655,108.742,"[3, 19]","[17, 14]",14,True,,15,32.38,67.62,4,True,46.97,16,100.0,-1
52,11.426,-38.747,"[19, 14]","[4, 11]",15,True,,15,19.31,80.69,0,True,17.24,15,89.3,0
53,18.413,-72.222,"[3, 3]","[6, 17]",14,True,,14,15.24,84.76,0,True,15.24,14,100.0,0
54,-26.01,22.136,"[2, 0]","[18, 19]",19,False,energy_exhausted,44,100.0,0.0,0,True,64.33,20,,
55,-47.64,-165.212,"[19, 9]","[5, 10]",14,True,,14,30.56,69.44,0,True,22.9,15,74.9,-1
56,-22.492,-161.654,"[8, 17]","[3, 0]",17,True,,17,31.73,68.27,0,True,31.31,17,98.7,0
57,0.98,-3.779,"[17, 14]","[3, 3]",14,True,,14,20.97,79.03,0,True,19.38,14,92.4,0
58,-54.315,-130.246,"[0, 18]","[1, 0]",18,True,,18,23.41,76.59,0,True,41.41,18,100.0,0
59,-37.401,-168.738,"[9, 0]","[5, 17]",17,True,,17,31.21,68.79,0,True,29.56,17,94.7,0
60,14.294,-121.412,"[18, 19]","[1, 7]",17,True,,21,39.87,60.13,0,True,34.97,19,87.7,2
61,37.579,-65.376,"[7, 2]","[11, 17]",15,True,,15,16.66,83.34,0,True,16.66,15,100.0,0
62,45.646,13.032,"[19, 16]","[3, 0]",16,True,,22,40.63,59.37,1,True,34.8,20,85.7,2
63,11.486,-96.739,"[2, 8]","[18, 10]",16,True,,16,41.66,58.34,1,True,41.66,16,100.0,0
64,-58.504,106.57,"[18, 1]","[15, 17]",16,True,,17,44.28,55.72,0,True,47.9,16,100.0,1
65,-12.599,65.729,"[9, 2]","[7, 19]",17,True,,18,49.63,50.37,2,True,40.9,17,82.4,1
66,-38.587,-108.165,"[8, 2]","[15, 18]",16,True,,16,35.21,64.79,0,True,30.56,17,86.8,-1
67,43.869,107.315,"[8, 14]","[9, 0]",14,True,,14,30.97,69.03,0,True,24.24,14,78.3,0
68,57.507,-44.228,"[18, 6]","[4, 11]",14,True,,14,26.14,73.86,0,True,24.07,14,92.1,0
69,-48.363,124.487,"[9, 3]","[2, 17]",14,True,,14,39.94,60.06,0,True,35.8,14,89.6,0
70,10.107,84.647,"[16, 8]","[2, 15]",14,True,,14,22.14,77.86,0,True,21.31,14,96.3,0
71,32.682,-105.547,"[12, 18]","[8, 2]",16,True,,56,72.73,27.27,2,True,31.66,16,43.5,40
72,47.535,-143.858,"[17, 14]","[2, 17]",15,True,,15,45.9,54.1,0,True,45.9,15,100.0,0
73,44.949,-57.844,"[16, 19]","[2, 3]",16,True,,24,59.7,40.3,0,True,61.5,17,100.0,7
74,6.53,-105.222,"[3, 5]","[17, 0]",14,True,,16,54.36,45.64,5,True,44.46,14,81.8,2
75,-45.726,150.065,"[0, 6]","[18, 12]",18,True,,19,59.63,40.37,4,True,52.46,18,88.0,1
76,-4.198,-35.838,"[16, 19]","[2, 16]",14,True,,14,20.14,79.86,0,True,16.66,14,82.7,0
77,28.994,-11.247,"[16, 3]","[16, 18]",15,True,,15,30.9,69.1,0,True,29.0,15,93.9,0
78,-19.034,-161.962,"[18, 6]","[1, 15]",17,True,,22,51.28,48.72,0,True,42.97,23,83.8,-1
79,14.725,90.302,"[11, 19]","[5, 5]",14,True,,15,31.21,68.79,0,True,23.73,14,76.0,1
80,-52.552,-15.026,"[1, 13]","[19, 16]",18,True,,19,42.28,57.72,1,True,39.66,18,93.8,1
81,-55.17,-18.132,"[17, 11]","[2, 14]",15,True,,16,46.49,53.51,0,True,45.31,15,97.5,1
82,1.072,146.551,"[18, 13]","[3, 2]",15,True,,38,61.43,38.57,0,True,26.56,18,43.2,20
83,-26.982,-130.084,"[18, 18]","[14, 4]",14,True,,14,41.87,58.13,0,True,37.14,14,88.7,0
84,5.049,72.501,"[16, 4]","[8, 18]",14,True,,17,34.04,65.96,0,True,28.46,14,83.6,3
85,50.865,123.596,"[18, 19]","[0, 14]",18,True,,20,24.66,75.34,0,True,58.24,20,100.0,0
86,31.76,94.532,"[5, 17]","[11, 3]",14,True,,14,27.8,72.2,0,True,27.8,14,100.0,0
87,-59.099,-58.993,"[9, 19]","[5, 3]",16,True,,17,49.28,50.72,0,True,48.9,18,99.2,-1
88,-41.524,-27.792,"[5, 19]","[12, 1]",18,True,,21,32.38,67.62,0,True,28.14,18,86.9,3
89,-43.44,104.666,"[15, 13]","[0, 19]",15,True,,15,47.87,52.13,1,True,46.63,15,97.4,0
90,59.931,5.925,"[5, 2]","[11, 17]",15,True,,15,32.97,67.03,0,True,30.9,15,93.7,0
91,-48.469,-124.731,"[1, 8]","[17, 15]",16,True,,16,36.46,63.54,0,True,33.21,17,91.1,-1
92,-55.819,54.813,"[0, 2]","[1, 17]",15,True,,15,36.24,63.76,0,True,44.41,15,100.0,0
93,38.775,14.019,"[9, 16]","[0, 1]",15,True,,19,50.63,49.37,0,True,42.53,17,84.0,2
94,-12.662,85.607,"[3, 8]","[18, 7]",15,True,,15,34.49,65.51,0,True,33.14,15,96.1,0
95,45.01,171.214,"[19, 17]","[9, 3]",14,True,,18,38.46,61.54,0,True,31.38,19,81.6,-1
96,-33.504,56.187,"[0, 11]","[14, 11]",14,True,,15,35.73,64.27,0,True,34.04,14,95.3,1
97,39.426,75.792,"[15, 3]","[16, 17]",14,True,,14,28.38,71.62,0,True,36.14,15,100.0,-1
98,-3.605,-8.607,"[16, 18]","[9, 1]",17,True,,18,43.21,56.79,0,True,41.38,17,95.8,1
99,-34.179,30.878,"[0, 4]","[17, 1]",17,True,,17,44.31,55.69,0,True,43.49,17,98.1,0
100,-35.162,-27.816,"[16, 17]","[0, 18]",16,True,,17,43.73,56.27,1,True,40.24,16,92.0,1
101,-48.02,-141.335,"[8, 2]","[3, 17]",15,True,,17,21.66,78.34,0,True,20.24,17,93.5,0
102,30.513,115.131,"[1, 11]","[18, 16]",17,True,,17,45.53,54.47,0,True,40.28,17,88.5,0
103,-39.559,172.308,"[5, 19]","[19, 7]",14,True,,21,37.56,62.44,0,True,27.49,22,73.2,-1
104,-12.297,30.511,"[4, 3]","[19, 2]",15,True,,15,37.83,62.17,0,True,34.87,15,92.2,0
105,43.937,32.159,"[5, 9]","[19, 11]",14,True,,15,39.7,60.3,1,True,32.73,14,82.4,1
106,-4.582,57.151,"[19, 6]","[1, 7]",18,True,,18,29.97,70.03,0,True,26.24,18,87.6,0
107,-48.643,-120.217,"[19, 1]","[13, 18]",17,True,,17,32.14,67.86,0,True,31.21,17,97.1,0
108,-12.902,152.604,"[18, 11]","[1, 0]",17,True,,17,42.7,57.3,0,True,40.46,18,94.7,-1
109,29.215,126.772,"[9, 0]","[11, 15]",15,True,,15,38.21,61.79,0,True,34.31,15,89.8,0
110,-20.314,136.355,"[1, 19]","[15, 17]",14,True,,14,17.66,82.34,0,True,40.07,14,100.0,0
111,-37.487,33.938,"[2, 2]","[7, 16]",14,True,,15,67.91,32.09,11,True,57.97,15,85.4,0
112,-2.188,23.181,"[14, 17]","[1, 0]",17,True,,20,67.23,32.77,0,True,49.46,25,73.6,-5
113,2.455,-13.077,"[3, 1]","[10, 18]",17,True,,18,39.28,60.72,0,True,26.31,22,67.0,-4
114,-11.401,111.229,"[8, 19]","[4, 1]",18,True,,18,28.56,71.44,0,True,26.49,18,92.7,0
115,18.2,133.707,"[9, 19]","[13, 0]",19,True,,19,41.87,58.13,2,True,36.66,19,87.5,0
116,24.696,-71.365,"[10, 18]","[7, 0]",18,False,energy_exhausted,76,100.0,0.0,0,True,27.73,22,,
117,52.305,121.491,"[0, 16]","[18, 3]",18,True,,23,65.01,34.99,3,True,46.56,27,71.6,-4
118,4.188,149.668,"[3, 19]","[3, 1]",18,False,energy_exhausted,94,100.0,0.0,0,True,38.07,18,,
119,44.076,74.824,"[19, 17]","[4, 19]",15,True,,15,19.24,80.76,0,True,32.31,15,100.0,0
120,24.581,-6.142,"[17, 4]","[5, 19]",15,True,,21,23.49,76.51,0,True,20.56,16,87.5,5
121,-33.755,5.672,"[14, 18]","[15, 3]",15,True,,16,44.04,55.96,2,True,37.41,15,85.0,1
122,-47.123,-0.847,"[14, 1]","[16, 16]",15,True,,15,28.73,71.27,0,True,26.31,15,91.6,0
123,17.782,101.433,"[11, 2]","[1, 19]",17,True,,32,68.08,31.92,0,True,33.38,22,49.0,10
124,-41.469,-108.84,"[4, 16]","[19, 5]",15,True,,15,34.04,65.96,1,True,33.63,16,98.8,-1
125,49.594,-129.58,"[5, 13]","[19, 16]",14,True,,14,49.73,50.27,7,True,47.11,14,94.7,0
126,-31.769,-80.565,"[6, 19]","[11, 5]",14,True,,16,18.07,81.93,0,True,16.9,14,93.5,2
127,-8.405,-24.294,"[7, 19]","[17, 0]",19,True,,20,49.18,50.82,0,True,45.11,19,91.7,1
128,-35.04,6.809,"[14, 16]","[15, 1]",15,True,,15,24.66,75.34,0,True,22.66,15,91.9,0
129,-12.572,88.947,"[1, 4]","[19, 14]",18,True,,21,54.04,45.96,1,True,37.73,19,69.8,2
130,30.549,-144.796,"[1, 3]","[15, 12]",14,True,,22,66.25,33.75,2,True,52.6,16,79.4,6
131,33.949,-104.064,"[10, 1]","[17, 17]",16,True,,22,70.11,29.89,4,True,47.14,17,67.2,5
132,-23.304,42.81,"[2, 14]","[19, 8]",17,True,,18,47.56,52.44,0,True,45.97,17,96.7,1
133,45.201,9.885,"[19, 14]","[0, 16]",19,True,,19,46.9,53.1,0,True,45.56,19,97.1,0
134,29.922,-76.372,"[8, 18]","[17, 1]",17,True,,22,33.38,66.62,0,True,27.31,24,81.8,-2
135,29.965,-87.259,"[8, 0]","[6, 19]",19,True,,19,38.87,61.13,0,True,32.9,19,84.6,0
136,25.202,48.802,"[0, 17]","[16, 16]",16,True,,16,35.63,64.37,0,True,32.8,16,92.1,0
137,-18.052,28.299,"[2, 2]","[5, 19]",17,True,,19,35.14,64.86,0,True,28.56,17,81.3,2
138,48.347,151.883,"[1, 19]","[1, 1]",18,True,,19,53.11,46.89,0,True,41.24,18,77.7,1
139,-44.095,117.812,"[12, 17]","[17, 1]",16,True,,16,23.14,76.86,0,True,22.31,16,96.4,0
140,31.803,-69.24,"[19, 11]","[4, 5]",15,True,,15,17.49,82.51,0,True,17.49,15,100.0,0
141,6.514,43.87,"[0, 15]","[19, 9]",19,True,,19,51.84,48.16,0,True,44.21,19,85.3,0
142,-0.097,43.099,"[19, 14]","[2, 1]",17,True,,25,81.98,18.02,5,True,55.08,17,67.2,8
143,1.882,-6.627,"[19, 3]","[2, 18]",17,True,,23,60.84,39.16,3,True,61.18,21,100.0,2
144,-39.916,45.59,"[3, 4]","[4, 18]",14,True,,14,34.56,65.44,0,True,33.49,14,96.9,0
145,0.025,92.194,"[8, 18]","[6, 4]",14,True,,14,33.73,66.27,0,True,31.83,14,94.4,0
146,3.425,119.821,"[4, 6]","[18, 8]",14,True,,15,24.66,75.34,0,True,24.07,14,97.6,1
147,58.275,174.617,"[19, 5]","[0, 6]",19,True,,27,51.31,48.69,3,True,38.31,19,74.7,8
148,5.674,21.88,"[19, 11]","[3, 0]",16,True,,17,56.6,43.4,3,True,54.36,17,96.0,0
149,-22.037,-116.279,"[16, 13]","[2, 14]",14,True,,15,23.07,76.93,0,True,21.49,14,93.1,1
150,11.931,163.133,"[8, 4]","[12, 18]",14,True,,15,34.8,65.2,0,True,29.73,15,85.4,0
151,-57.857,152.986,"[10, 19]","[10, 0]",19,True,,19,39.83,60.17,0,True,39.83,19,100.0,0
152,31.562,169.273,"[12, 19]","[10, 3]",16,True,,16,28.21,71.79,0,True,24.49,16,86.8,0
153,-49.392,62.71,"[0, 16]","[14, 10]",14,True,,17,39.21,60.79,0,True,33.97,14,86.6,3
154,41.128,-19.3,"[3, 2]","[7, 17]",15,True,,16,33.63,66.37,0,True,30.97,15,92.1,1
155,-1.288,-129.01,"[15, 16]","[0, 7]",15,True,,16,40.46,59.54,0,True,37.38,16,92.4,0
156,3.653,33.666,"[16, 18]","[6, 0]",18,True,,21,27.56,72.44,0,True,25.31,20,91.9,1
157,12.165,94.984,"[19, 19]","[14, 0]",19,True,,20,40.21,59.79,0,True,37.73,23,93.8,-3
158,-6.607,16.916,"[1, 19]","[3, 0]",19,True,,19,31.9,68.1,0,True,45.31,19,100.0,0
159,-5.699,123.356,"[15, 10]","[0, 1]",15,True,,16,55.94,44.06,3,True,53.28,16,95.3,0
160,-9.161,154.838,"[18, 19]","[4, 3]",16,True,,18,28.63,71.37,0,True,31.63,17,100.0,1
161,-23.832,-168.815,"[2, 10]","[16, 10]",14,True,,15,24.49,75.51,0,True,22.49,14,91.8,1
162,-38.651,40.719,"[6, 0]","[1, 18]",18,True,,23,78.08,21.92,4,True,61.28,18,78.5,5
163,-28.251,-165.758,"[0, 10]","[15, 10]",15,True,,15,31.31,68.69,0,True,30.31,15,96.8,0
164,-22.25,98.618,"[15, 6]","[1, 18]",14,True,,17,55.18,44.82,1,True,50.84,14,92.1,3
165,-48.679,177.937,"[8, 15]","[0, 1]",14,True,,16,42.04,57.96,0,True,45.53,14,100.0,2
166,18.748,-167.695,"[19, 5]","[13, 19]",14,True,,16,34.9,65.1,0,True,25.49,17,73.0,-1
167,34.167,168.333,"[11, 16]","[3, 2]",14,True,,15,21.73,78.27,0,True,20.73,14,95.4,1
168,3.175,-118.808,"[7, 2]","[7, 18]",16,True,,16,35.97,64.03,0,True,32.97,16,91.7,0
169,47.367,-113.049,"[15, 18]","[18, 1]",17,True,,17,60.7,39.3,6,True,57.49,17,94.7,0
170,-46.318,154.668,"[8, 1]","[15, 18]",17,True,,18,50.04,49.96,0,True,46.38,17,92.7,1
171,29.822,135.456,"[2, 18]","[18, 15]",16,True,,17,29.73,70.27,0,True,48.31,16,100.0,1
172,-52.954,-25.524,"[16, 9]","[0, 1]",16,True,,18,56.46,43.54,4,True,51.46,16,91.1,2
173,7.441,-134.437,"[14, 15]","[0, 10]",14,True,,14,42.38,57.62,0,True,38.31,20,90.4,-6
174,26.812,132.97,"[10, 17]","[0, 0]",17,True,,25,40.21,59.79,0,True,27.31,19,67.9,6
175,6.743,-102.143,"[1, 14]","[12, 0]",14,True,,16,49.11,50.89,0,True,48.28,16,98.3,0
176,-59.417,82.618,"[17, 8]","[1, 6]",16,True,,16,40.38,59.62,0,True,35.56,16,88.0,0
177,2.606,-24.786,"[12, 19]","[16, 1]",18,True,,19,45.46,54.54,0,True,39.38,18,86.6,1
178,-13.838,-114.946,"[0, 8]","[14, 1]",14,True,,16,39.8,60.2,0,True,34.07,18,85.6,-2
179,-28.472,174.971,"[6, 16]","[6, 2]",14,True,,14,33.8,66.2,1,True,32.31,14,95.6,0
180,-8.593,68.314,"[17, 1]","[10, 17]",16,True,,17,36.21,63.79,0,True,33.31,16,92.0,1
181,-31.836,17.378,"[17, 9]","[0, 10]",17,True,,17,55.18,44.82,0,True,51.56,18,93.4,-1
182,58.691,-125.953,"[11, 16]","[18, 1]",15,True,,17,29.38,70.62,0,True,25.49,16,86.7,1
183,-2.682,139.081,"[2, 13]","[18, 13]",16,True,,17,36.97,63.03,0,True,31.21,17,84.4,0
184,-28.402,-29.313,"[17, 7]","[0, 2]",17,True,,17,48.36,51.64,0,True,50.63,17,100.0,0
185,44.653,36.763,"[19, 16]","[1, 4]",18,True,,19,49.7,50.3,0,True,45.28,21,91.1,-2
186,-41.928,-176.898,"[2, 0]","[5, 15]",15,True,,15,53.36,46.64,0,True,44.24,16,82.9,-1
187,58.462,-163.843,"[2, 1]","[17, 18]",17,True,,21,52.25,47.75,0,True,47.53,21,91.0,0
188,-45.139,-108.727,"[15, 15]","[16, 1]",14,True,,14,40.14,59.86,1,True,37.07,14,92.3,0
189,48.033,81.252,"[1, 16]","[17, 14]",16,True,,16,29.56,70.44,0,True,25.83,16,87.4,0
190,10.341,-63.913,"[18, 13]","[3, 19]",15,True,,15,32.14,67.86,1,True,32.14,15,100.0,0
191,10.503,59.164,"[7, 19]","[9, 3]",16,True,,17,21.56,78.44,0,True,19.31,16,89.6,1
192,-35.711,14.198,"[0, 12]","[15, 2]",15,True,,19,65.6,34.4,1,True,52.97,21,80.8,-2
193,-27.221,9.864,"[19, 11]","[5, 6]",14,True,,15,45.56,54.44,2,True,42.56,14,93.4,1
194,-6.45,131.079,"[3, 7]","[18, 18]",15,True,,18,42.21,57.79,1,True,39.7,16,94.0,2
195,0.618,-95.458,"[18, 2]","[4, 6]",14,True,,15,45.63,54.37,0,True,41.46,14,90.9,1
196,37.888,-41.997,"[18, 19]","[3, 8]",15,True,,15,32.46,67.54,0,True,29.63,16,91.3,-1
197,-53.887,152.389,"[1, 10]","[15, 12]",14,True,,15,41.21,58.79,4,True,38.24,14,92.8,1
198,-4.488,-28.884,"[5, 18]","[8, 3]",15,False,energy_exhausted,48,100.0,0.0,0,True,42.24,16,,
199,49.612,144.896,"[0, 19]","[18, 11]",18,True,,21,33.8,66.2,0,True,24.97,19,73.9,2
200,33.776,-44.179,"[2, 10]","[17, 7]",15,True,,15,16.24,83.76,0,True,16.24,15,100.0,0
201,56.392,-117.746,"[19, 0]","[4, 5]",15,True,,15,32.56,67.44,0,True,30.9,15,94.9,0
202,-4.354,-168.842,"[18, 2]","[2, 18]",16,False,energy_exhausted,53,100.0,0.0,2,True,49.28,20,,
203,-56.878,121.032,"[15, 13]","[1, 7]",14,True,,18,49.49,50.51,3,True,48.63,14,98.3,4
204,46.397,114.933,"[5, 3]","[7, 17]",14,True,,15,34.63,65.37,0,True,27.73,14,80.1,1
205,38.768,144.774,"[7, 4]","[11, 18]",14,True,,14,29.73,70.27,0,True,27.8,14,93.5,0
206,8.546,-27.902,"[19, 11]","[5, 17]",14,True,,15,39.21,60.79,2,True,36.9,15,94.1,0
207,-25.074,137.382,"[1, 9]","[18, 18]",17,True,,17,55.94,44.06,0,True,55.53,17,99.3,0
208,-12.669,23.568,"[7, 17]","[12, 1]",16,True,,18,44.56,55.44,0,True,41.31,16,92.7,2
209,8.978,-11.782,"[9, 17]","[3, 3]",14,True,,14,19.9,80.1,0,True,19.07,15,95.8,-1
210,38.359,-168.426,"[0, 7]","[14, 16]",14,True,,14,50.36,49.64,0,True,46.87,15,93.1,-1
211,25.147,-11.374,"[16, 19]","[1, 4]",15,True,,25,46.73,53.27,0,True,54.18,19,100.0,6
212,-30.04,-129.78,"[0, 17]","[19, 4]",19,True,,20,63.91,36.09,2,True,56.28,22,88.1,-2
213,0.381,176.714,"[15, 3]","[1, 10]",14,True,,14,21.56,78.44,0,True,21.14,14,98.1,0
214,24.804,27.106,"[19, 1]","[6, 16]",15,True,,20,49.36,50.64,0,True,41.56,21,84.2,-1
215,-39.003,95.332,"[18, 4]","[0, 14]",18,True,,19,28.97,71.03,0,True,26.97,19,93.1,0
216,40.486,-150.917,"[0, 1]","[11, 18]",17,True,,19,47.87,52.13,0,True,41.28,18,86.2,1
217,-6.568,63.124,"[1, 16]","[16, 19]",15,True,,15,25.97,74.03,0,True,34.97,15,100.0,0
218,-40.586,107.825,"[4, 17]","[3, 0]",17,False,energy_exhausted,67,100.0,0.0,0,True,50.97,19,,
219,30.491,-52.299,"[10, 16]","[14, 1]",15,True,,15,24.38,75.62,0,True,22.31,15,91.5,0
220,28.78,175.841,"[16, 16]","[1, 11]",15,True,,15,29.21,70.79,0,True,27.07,15,92.7,0
221,15.212,-52.816,"[0, 0]","[4, 17]",17,True,,17,61.36,38.64,2,True,55.97,17,91.2,0
222,23.221,-165.619,"[12, 1]","[17, 19]",18,True,,21,32.38,67.62,0,True,28.97,18,89.5,3
223,57.691,86.067,"[2, 4]","[17, 9]",15,True,,16,22.14,77.86,0,True,19.9,17,89.9,-1
224,-4.464,117.508,"[5, 18]","[4, 0]",18,True,,21,34.73,65.27,0,True,29.24,18,84.2,3
225,14.575,-15.215,"[8, 0]","[9, 18]",18,True,,19,31.63,68.37,0,True,25.73,18,81.3,1
226,-47.003,-134.331,"[3, 2]","[17, 19]",17,True,,18,24.8,75.2,0,True,24.38,18,98.3,0
227,14.119,39.704,"[10, 19]","[14, 1]",18,True,,21,29.73,70.27,0,True,27.49,20,92.5,1
228,56.94,-106.555,"[6, 2]","[8, 19]",17,True,,18,52.53,47.47,0,True,45.01,17,85.7,1
229,-14.505,53.559,"[5, 19]","[11, 1]",18,True,,20,61.46,38.54,1,True,53.28,18,86.7,2
230,50.744,24.412,"[17, 0]","[5, 14]",14,True,,21,36.14,63.86,0,True,35.31,21,97.7,0
231,59.927,-177.306,"[17, 3]","[2, 13]",15,True,,19,58.08,41.92,2,True,43.87,15,75.5,4
232,-52.801,32.324,"[3, 19]","[16, 4]",15,True,,17,23.97,76.03,0,True,23.97,17,100.0,0
233,37.785,-119.288,"[18, 3]","[1, 15]",17,True,,23,75.64,24.36,1,True,56.67,17,74.9,6
234,-42.246,148.817,"[6, 4]","[13, 18]",14,True,,16,36.14,63.86,1,True,32.38,16,89.6,0
235,35.671,169.126,"[2, 5]","[18, 10]",16,True,,16,26.31,73.69,0,True,25.73,16,97.8,0
236,-21.545,-77.952,"[3, 11]","[19, 3]",16,True,,16,36.63,63.37,0,True,33.14,18,90.5,-2
237,-3.704,54.292,"[5, 2]","[5, 18]",16,True,,35,79.8,20.2,0,True,41.83,16,52.4,19
238,0.687,115.03,"[18, 3]","[4, 12]",14,True,,17,54.21,45.79,0,True,42.14,20,77.7,-3
239,34.904,115.877,"[2, 6]","[18, 10]",16,True,,16,19.66,80.34,0,True,19.66,16,100.0,0
240,7.561,-9.761,"[16, 13]","[2, 4]",14,True,,14,26.8,73.2,0,True,22.97,16,85.7,-2
241,57.509,-144.691,"[1, 1]","[7, 15]",14,True,,17,42.21,57.79,0,True,31.21,14,73.9,3
242,10.798,-140.13,"[6, 1]","[15, 15]",14,True,,15,31.21,68.79,0,True,30.46,14,97.6,1
243,-24.848,140.149,"[15, 18]","[4, 1]",17,True,,20,24.97,75.03,0,True,23.31,20,93.4,0
244,-20.86,-95.518,"[9, 15]","[7, 1]",14,True,,14,34.9,65.1,0,True,34.49,14,98.8,0
245,-29.533,-97.163,"[13, 18]","[15, 4]",14,True,,14,17.07,82.93,0,True,17.07,14,100.0,0
246,46.387,-144.884,"[16, 12]","[0, 15]",16,True,,16,42.46,57.54,0,True,40.31,16,95.0,0
247,13.753,-1.607,"[6, 0]","[10, 19]",19,True,,19,29.56,70.44,0,True,23.49,19,79.5,0
248,37.892,80.481,"[1, 12]","[15, 5]",14,True,,14,26.14,73.86,0,True,25.14,14,96.2,0
249,-33.366,-138.993,"[2, 9]","[18, 0]",16,True,,16,39.11,60.89,0,True,36.21,16,92.6,0
250,-49.973,-39.501,"[18, 19]","[4, 3]",16,True,,19,67.15,32.85,3,True,59.67,17,88.9,2
251,55.126,93.902,"[8, 3]","[0, 18]",15,True,,15,27.38,72.62,0,True,26.97,15,98.5,0
252,-23.785,-88.133,"[11, 16]","[11, 1]",15,True,,15,32.73,67.27,0,True,28.07,15,85.8,0
253,33.229,-44.446,"[9, 19]","[1, 1]",18,True,,22,49.28,50.72,1,True,43.8,19,88.9,3
254,39.241,50.218,"[2, 17]","[5, 3]",14,True,,14,22.56,77.44,0,True,20.24,14,89.7,0
255,-59.901,35.47,"[0, 1]","[17, 1]",17,True,,18,50.73,49.27,3,True,44.49,17,87.7,1
256,49.923,-67.643,"[18, 2]","[1, 14]",17,True,,25,53.87,46.13,1,True,37.8,18,70.2,7
257,12.097,68.633,"[0, 1]","[19, 1]",19,True,,19,50.73,49.27,1,True,48.83,19,96.3,0
258,27.241,131.067,"[11, 3]","[11, 18]",15,True,,15,32.21,67.79,0,True,28.83,15,89.5,0
259,31.381,152.186,"[4, 2]","[19, 1]",15,True,,16,29.9,70.1,0,True,39.49,15,100.0,1
260,-17.796,72.457,"[16, 5]","[1, 6]",15,True,,15,41.63,58.37,0,True,37.49,15,90.0,0
261,-27.091,112.273,"[3, 2]","[15, 16]",14,True,,16,20.97,79.03,0,True,19.56,15,93.3,1
262,21.261,-109.858,"[8, 19]","[4, 5]",14,False,energy_exhausted,62,100.0,0.0,1,True,33.49,14,,
263,-17.375,-64.051,"[2, 2]","[17, 11]",15,True,,16,19.31,80.69,0,True,19.31,16,100.0,0
264,-18.536,108.686,"[13, 0]","[5, 16]",16,True,,18,46.94,53.06,3,True,38.56,17,82.1,1
265,-47.828,-68.851,"[16, 6]","[1, 4]",15,True,,15,43.46,56.54,0,True,38.83,15,89.4,0
266,-37.347,94.828,"[6, 19]","[6, 2]",17,True,,17,48.11,51.89,4,True,46.21,18,96.1,-1
267,55.162,34.115,"[2, 6]","[19, 2]",17,True,,17,29.56,70.44,0,True,28.38,17,96.0,0
268,19.757,-167.9,"[17, 9]","[2, 0]",15,True,,15,19.73,80.27,0,True,19.73,15,100.0,0
269,53.101,-65.097,"[8, 5]","[17, 19]",14,True,,15,53.67,46.33,4,True,49.7,15,92.6,0
270,26.243,-162.949,"[18, 1]","[4, 0]",14,True,,14,20.07,79.93,0,True,22.24,14,100.0,0
271,11.954,-154.237,"[2, 18]","[16, 18]",14,True,,14,15.83,84.17,0,True,15.83,14,100.0,0
272,5.526,41.99,"[3, 14]","[17, 2]",14,True,,15,48.77,51.23,4,True,47.36,15,97.1,0
273,-49.733,-67.96,"[18, 8]","[1, 16]",17,True,,17,41.8,58.2,0,True,41.8,17,100.0,0
274,0.777,-99.707,"[16, 15]","[2, 11]",14,True,,14,30.97,69.03,0,True,29.31,14,94.7,0
275,32.862,-38.624,"[17, 0]","[0, 6]",17,True,,18,20.9,79.1,0,True,19.49,17,93.2,1
276,-0.541,-51.726,"[17, 6]","[3, 6]",14,True,,14,29.8,70.2,0,True,26.07,14,87.5,0
277,10.218,34.716,"[0, 17]","[10, 0]",17,True,,17,29.04,70.96,0,True,26.21,17,90.3,0
278,42.62,-121.256,"[12, 0]","[13, 18]",18,True,,20,53.28,46.72,1,True,46.63,18,87.5,2
279,-5.409,163.537,"[4, 19]","[12, 0]",19,True,,21,25.73,74.27,0,True,23.31,19,90.6,2
280,28.853,153.695,"[17, 1]","[10, 16]",15,True,,16,34.97,65.03,0,True,32.97,16,94.3,0
281,2.811,146.591,"[0, 17]","[16, 16]",16,True,,16,22.9,77.1,0,True,21.66,16,94.6,0
282,1.908,-89.384,"[14, 1]","[1, 17]",16,True,,19,67.25,32.75,2,True,62.15,16,92.4,3
283,43.292,-56.783,"[13, 1]","[17, 17]",16,True,,16,24.31,75.69,0,True,22.49,16,92.5,0
284,50.915,115.781,"[18, 19]","[8, 4]",15,True,,21,49.28,50.72,2,True,39.07,22,79.3,-1
285,-50.886,22.299,"[0, 0]","[17, 7]",17,True,,17,33.97,66.03,0,True,30.31,17,89.2,0
286,45.476,-58.799,"[0, 13]","[16, 11]",16,False,energy_exhausted,73,100.0,0.0,0,True,38.97,16,,
287,-59.881,-167.367,"[0, 0]","[1, 15]",15,True,,15,20.66,79.34,0,True,19.07,15,92.3,0
288,-5.863,104.241,"[1, 16]","[18, 11]",17,True,,17,27.73,72.27,0,True,24.14,17,87.1,0
289,23.998,89.903,"[5, 11]","[19, 0]",14,True,,17,37.21,62.79,2,True,33.63,15,90.4,2
290,42.716,39.609,"[7, 2]","[11, 16]",14,True,,15,38.14,61.86,0,True,30.14,15,79.0,0
291,26.047,92.988,"[19, 14]","[0, 11]",19,True,,19,21.9,78.1,0,True,20.24,19,92.4,0
292,-0.413,111.577,"[1, 10]","[16, 15]",15,True,,15,49.8,50.2,1,True,47.01,15,94.4,0
293,2.503,132.566,"[3, 2]","[4, 17]",15,True,,16,39.21,60.79,4,True,26.14,16,66.7,0
294,43.642,19.152,"[1, 18]","[17, 3]",16,True,,20,35.46,64.54,0,True,33.04,19,93.2,1
295,56.802,112.389,"[15, 17]","[0, 9]",15,True,,19,41.87,58.13,1,True,40.24,20,96.1,-1
296,40.464,-69.561,"[3, 15]","[19, 2]",16,True,,17,24.8,75.2,0,True,23.38,18,94.3,-1
297,-23.154,-19.536,"[19, 7]","[2, 9]",17,True,,20,32.31,67.69,0,True,26.97,19,83.5,1
298,33.523,-74.666,"[4, 16]","[9, 1]",15,True,,15,43.97,56.03,0,True,42.9,16,97.6,-1
299,-54.672,179.163,"[0, 10]","[19, 4]",19,True,,21,52.04,47.96,0,True,47.21,19,90.7,2
300,52.266,-178.559,"[18, 12]","[2, 3]",16,True,,16,31.63,68.37,0,True,29.97,16,94.8,0
301,-47.233,167.451,"[8, 1]","[13, 15]",14,True,,14,30.38,69.62,0,True,28.21,14,92.9,0
302,-17.995,-39.84,"[13, 17]","[10, 1]",16,True,,16,30.87,69.13,0,True,24.9,16,80.7,0
303,-34.479,147.004,"[19, 7]","[2, 11]",17,True,,18,59.6,40.4,1,True,53.43,17,89.6,1
304,-16.808,39.897,"[14, 5]","[0, 6]",14,True,,22,41.36,58.64,1,True,28.14,14,68.0,8
305,34.881,136.193,"[1, 3]","[15, 1]",14,True,,14,33.97,66.03,0,True,28.83,14,84.9,0
306,-18.238,162.823,"[4, 15]","[19, 8]",15,True,,15,28.56,71.44,0,True,26.38,15,92.4,0
307,-24.071,-162.942,"[17, 19]","[12, 4]",15,True,,15,29.04,70.96,0,True,25.56,15,88.0,0
308,25.154,92.491,"[18, 3]","[14, 19]",16,True,,16,24.31,75.69,0,True,20.9,16,86.0,0
309,-29.398,80.905,"[0, 17]","[16, 10]",16,True,,17,47.8,52.2,1,True,45.04,16,94.2,1
310,-49.184,78.127,"[0, 18]","[4, 3]",15,True,,15,29.8,70.2,0,True,25.31,15,84.9,0
311,58.581,-62.309,"[16, 1]","[8, 15]",14,True,,14,31.8,68.2,0,True,27.97,15,88.0,-1
312,1.506,-58.685,"[16, 15]","[2, 19]",14,True,,14,42.73,57.27,0,True,42.56,14,99.6,0
313,-49.803,121.002,"[5, 18]","[8, 4]",14,True,,14,26.97,73.03,0,True,19.24,14,71.3,0
314,2.977,154.029,"[3, 19]","[10, 2]",17,True,,39,76.23,23.77,0,True,30.87,17,40.5,22
315,-18.119,71.332,"[0, 0]","[16, 3]",16,True,,16,37.56,62.44,0,True,34.66,16,92.3,0
316,7.48,55.112,"[19, 8]","[1, 5]",18,True,,18,34.56,65.44,0,True,30.97,20,89.6,-2
317,22.3,122.74,"[0, 19]","[17, 10]",17,True,,19,46.7,53.3,0,True,46.46,18,99.5,1
318,27.878,73.962,"[0, 9]","[16, 0]",16,True,,19,46.21,53.79,0,True,39.46,17,85.4,2
319,21.109,-56.264,"[2, 7]","[16, 4]",14,True,,14,15.24,84.76,0,True,15.24,14,100.0,0
320,-46.617,-136.844,"[4, 0]","[3, 19]",19,True,,19,51.28,48.72,0,True,46.9,19,91.5,0
321,-57.602,-29.309,"[5, 19]","[4, 0]",19,True,,19,43.73,56.27,0,True,42.66,19,97.6,0
322,58.427,125.781,"[14, 6]","[0, 8]",14,True,,14,40.97,59.03,2,True,39.66,14,96.8,0
323,-43.98,-110.767,"[8, 2]","[14, 16]",14,True,,14,25.56,74.44,0,True,23.14,14,90.6,0
324,24.585,10.924,"[1, 2]","[1, 18]",16,True,,16,47.63,52.37,0,True,45.66,16,95.9,0
325,3.771,30.999,"[16, 3]","[4, 17]",14,True,,19,39.21,60.79,0,True,35.14,21,89.6,-2
326,-34.829,-147.193,"[2, 13]","[19, 5]",17,True,,18,50.6,49.4,0,True,38.97,21,77.0,-3
327,-18.616,-147.471,"[12, 19]","[11, 2]",17,True,,24,51.8,48.2,0,True,42.07,17,81.2,7
328,2.626,-109.087,"[1, 9]","[15, 3]",14,True,,17,51.11,48.89,1,True,46.77,14,91.5,3
329,-40.611,40.4,"[5, 5]","[19, 3]",14,True,,16,36.97,63.03,0,True,32.07,14,86.7,2
330,51.572,-164.519,"[16, 2]","[1, 7]",15,False,energy_exhausted,43,100.0,0.0,0,True,34.73,15,,
331,-22.401,124.86,"[13, 2]","[13, 18]",16,True,,16,16.0,84.0,0,True,16.0,16,100.0,0
332,-2.333,-86.473,"[3, 5]","[6, 19]",14,True,,14,25.56,74.44,0,True,25.56,14,100.0,0
333,-12.586,108.028,"[16, 18]","[17, 3]",15,True,,15,38.8,61.2,2,True,31.49,15,81.1,0
334,-12.857,52.963,"[1, 0]","[16, 8]",15,True,,15,30.38,69.62,0,True,30.38,15,100.0,0
335,17.905,26.634,"[1, 3]","[18, 9]",17,True,,17,36.73,63.27,0,True,36.31,17,98.9,0
336,-15.663,-81.287,"[6, 18]","[13, 1]",17,True,,18,45.63,54.37,2,True,44.04,17,96.5,1
337,25.44,82.035,"[8, 19]","[12, 3]",16,True,,16,19.31,80.69,0,True,17.66,16,91.4,0
338,2.252,-7.462,"[15, 0]","[1, 7]",14,True,,55,83.07,16.93,0,True,23.73,15,28.6,40
339,-3.07,-88.125,"[15, 8]","[1, 8]",14,True,,14,41.14,58.86,2,True,38.73,14,94.1,0
340,-30.002,13.619,"[8, 18]","[0, 1]",17,True,,17,32.63,67.37,0,True,40.14,19,100.0,-2
341,-5.889,-105.346,"[6, 19]","[5, 5]",14,True,,14,14.41,85.59,0,True,14.41,14,100.0,0
342,34.686,20.001,"[3, 1]","[18, 9]",15,True,,15,21.14,78.86,0,True,20.31,16,96.1,-1
343,-50.307,80.524,"[18, 2]","[1, 17]",17,False,energy_exhausted,32,100.0,0.0,2,True,56.87,23,,
344,-38.999,-143.15,"[16, 2]","[1, 12]",15,True,,15,22.56,77.44,0,True,22.56,15,100.0,0
345,29.542,90.389,"[14, 19]","[13, 0]",19,True,,19,34.97,65.03,0,True,32.9,19,94.1,0
346,27.878,98.279,"[9, 17]","[6, 0]",17,True,,18,39.46,60.54,0,True,33.38,19,84.6,-1
347,-36.507,108.072,"[0, 16]","[13, 1]",15,True,,16,26.04,73.96,0,True,21.56,17,82.8,-1
348,-56.342,-12.539,"[10, 19]","[18, 5]",14,True,,17,34.14,65.86,0,True,35.38,15,100.0,2
349,55.1,139.565,"[1, 4]","[17, 0]",16,True,,16,45.04,54.96,1,True,48.73,16,100.0,0
350,-11.43,128.425,"[0, 17]","[18, 3]",18,True,,23,61.08,38.92,4,True,49.97,24,81.8,-1
351,49.175,-102.1,"[19, 10]","[5, 13]",14,True,,14,29.14,70.86,0,True,27.07,14,92.9,0
352,-3.386,76.99,"[15, 18]","[0, 12]",15,True,,17,47.04,52.96,0,True,42.38,17,90.1,0
353,2.443,107.294,"[0, 17]","[15, 7]",15,True,,20,63.46,36.54,0,True,57.18,16,90.1,4
354,38.909,18.299,"[18, 2]","[12, 18]",16,True,,16,37.63,62.37,0,True,35.04,16,93.1,0
355,-51.886,-9.34,"[0, 16]","[13, 1]",15,True,,20,42.36,57.64,0,True,34.56,20,81.6,0
356,-57.812,-171.019,"[17, 2]","[0, 2]",17,True,,19,47.94,52.06,1,True,39.24,17,81.9,2
357,8.226,-95.654,"[0, 5]","[17, 2]",17,True,,18,46.38,53.62,0,True,43.38,19,93.5,-1
358,1.445,-120.372,"[18, 11]","[4, 3]",14,True,,15,47.36,52.64,1,True,45.28,14,95.6,1
359,26.831,-109.713,"[14, 17]","[4, 0]",17,True,,21,74.18,25.82,3,True,65.43,17,88.2,4
360,2.64,-64.762,"[16, 14]","[2, 11]",14,True,,14,22.9,77.1,0,True,21.97,14,95.9,0
361,-35.878,93.706,"[7, 17]","[15, 3]",14,True,,18,42.11,57.89,1,True,36.63,15,87.0,3
362,-15.446,-161.178,"[16, 16]","[2, 7]",14,True,,16,49.04,50.96,3,True,47.04,15,95.9,1
363,9.1,24.25,"[6, 0]","[14, 16]",16,True,,16,23.14,76.86,0,True,22.73,16,98.2,0
364,-9.491,-30.688,"[19, 19]","[17, 4]",15,True,,15,41.24,58.76,0,True,43.24,15,100.0,0
365,48.674,-79.698,"[18, 9]","[2, 13]",16,True,,18,45.04,54.96,0,True,39.97,17,88.7,1
366,4.358,-94.379,"[4, 19]","[14, 2]",17,True,,20,60.84,39.16,0,True,51.46,18,84.6,2
367,-27.433,-51.265,"[19, 9]","[0, 9]",19,True,,20,52.63,47.37,0,True,46.83,19,89.0,1
368,42.743,97.401,"[17, 17]","[19, 2]",15,True,,15,19.66,80.34,0,True,40.24,15,100.0,0
369,-46.288,-71.885,"[0, 14]","[19, 13]",19,False,energy_exhausted,57,100.0,0.0,0,True,42.9,21,,
370,-31.876,18.273,"[18, 0]","[3, 0]",15,True,,15,16.66,83.34,0,True,15.0,15,90.1,0
371,58.759,-2.35,"[14, 19]","[4, 5]",14,True,,20,41.73,58.27,0,True,46.21,17,100.0,3
372,27.085,-77.847,"[7, 0]","[7, 14]",14,True,,14,33.97,66.03,0,True,31.24,14,92.0,0
373,58.817,-92.655,"[0, 5]","[17, 16]",17,True,,17,66.08,33.92,3,True,55.53,19,84.0,-2
374,-40.752,57.81,"[19, 15]","[4, 0]",15,True,,21,58.84,41.16,0,True,56.94,21,96.8,0
375,6.451,27.316,"[6, 16]","[18, 1]",15,True,,15,19.97,80.03,0,True,19.97,15,100.0,0
376,-1.293,-152.881,"[19, 14]","[0, 4]",19,True,,19,33.21,66.79,0,True,31.8,19,95.7,0
377,-34.639,172.095,"[18, 6]","[0, 7]",18,True,,19,34.14,65.86,0,True,31.9,18,93.4,1
378,14.77,152.285,"[14, 2]","[2, 19]",17,True,,19,43.28,56.72,0,True,41.53,17,95.9,2
379,43.697,-70.688,"[5, 4]","[12, 18]",14,True,,15,22.14,77.86,0,True,18.73,14,84.6,1
380,16.631,143.856,"[17, 6]","[1, 13]",16,True,,21,58.6,41.4,0,True,49.04,16,83.7,5
381,-38.898,-100.466,"[6, 5]","[11, 19]",14,True,,15,46.28,53.72,0,True,40.14,14,86.7,1
382,50.208,-102.573,"[8, 17]","[2, 2]",15,True,,15,38.04,61.96,0,True,35.56,15,93.5,0
383,8.916,-123.957,"[14, 1]","[15, 17]",16,True,,22,34.97,65.03,1,True,24.9,16,71.2,6
384,53.294,-163.238,"[0, 9]","[14, 4]",14,True,,14,16.07,83.93,0,True,16.07,14,100.0,0
385,27.242,127.63,"[1, 12]","[15, 8]",14,True,,14,30.97,69.03,2,True,28.9,14,93.3,0
386,-22.025,149.807,"[7, 17]","[18, 2]",15,True,,20,46.8,53.2,3,True,41.94,15,89.6,5
387,-36.399,10.728,"[8, 1]","[18, 18]",17,False,energy_exhausted,90,100.0,0.0,0,True,54.87,19,,
388,0.199,1.352,"[18, 18]","[4, 11]",14,True,,19,41.97,58.03,0,True,50.46,15,100.0,4
389,56.034,132.486,"[15, 5]","[18, 19]",14,True,,15,31.97,68.03,1,True,30.07,14,94.1,1
390,-22.1,-114.676,"[19, 8]","[5, 8]",14,True,,14,38.83,61.17,2,True,38.83,14,100.0,0
391,-38.529,-30.965,"[1, 16]","[6, 2]",14,True,,14,40.97,59.03,0,True,38.97,15,95.1,-1
392,-49.591,161.846,"[16, 10]","[2, 17]",14,True,,15,46.21,53.79,1,True,44.97,15,97.3,0
393,-27.427,99.069,"[4, 8]","[18, 12]",14,True,,15,46.8,53.2,3,True,43.97,14,94.0,1
394,-7.99,-91.967,"[16, 2]","[2, 13]",14,True,,14,49.84,50.16,0,True,48.43,14,97.2,0
395,-12.74,179.897,"[1, 4]","[19, 10]",18,True,,20,39.87,60.13,1,True,38.14,21,95.7,-1
396,46.655,105.262,"[17, 3]","[17, 17]",14,True,,35,68.91,31.09,1,True,41.9,14,60.8,21
397,25.22,25.979,"[6, 17]","[10, 2]",15,True,,17,41.8,58.2,0,True,34.31,16,82.1,1
398,21.899,-101.984,"[0, 7]","[18, 18]",18,True,,23,41.46,58.54,0,True,39.97,21,96.4,2
399,-21.122,113.365,"[7, 17]","[7, 1]",16,True,,16,37.24,62.76,0,True,35.83,16,96.2,0
400,11.426,174.175,"[12, 4]","[17, 19]",15,True,,15,17.07,82.93,0,True,17.07,15,100.0,0
401,-32.666,-94.794,"[2, 18]","[15, 4]",14,True,,15,33.28,66.72,0,True,29.97,18,90.0,-3
402,-22.711,-122.176,"[4, 18]","[5, 2]",16,True,,17,34.63,65.37,2,True,32.8,16,94.7,1
403,-59.175,127.78,"[1, 4]","[19, 14]",18,True,,22,71.21,28.79,2,True,65.18,18,91.5,4
404,-36.364,-75.145,"[2, 0]","[17, 17]",17,True,,23,38.8,61.2,0,True,29.9,25,77.1,-2
405,-54.429,8.926,"[7, 17]","[15, 3]",14,True,,14,41.04,58.96,0,True,41.04,14,100.0,0
406,46.142,94.676,"[8, 4]","[3, 19]",15,True,,15,44.18,55.82,0,True,37.9,16,85.8,-1
407,-32.442,119.029,"[19, 3]","[12, 19]",16,True,,18,33.73,66.27,0,True,32.38,16,96.0,2
408,-32.937,-28.192,"[19, 12]","[0, 7]",19,True,,19,41.14,58.86,1,True,40.31,19,98.0,0
409,-26.85,1.144,"[4, 9]","[18, 10]",14,True,,14,47.53,52.47,0,True,43.9,14,92.4,0
410,58.118,-99.604,"[2, 6]","[18, 14]",16,True,,16,42.28,57.72,0,True,34.38,17,81.3,-1
411,-39.065,29.286,"[17, 18]","[1, 8]",16,True,,16,46.11,53.89,0,True,44.87,16,97.3,0
412,34.071,-30.127,"[16, 8]","[0, 15]",16,True,,17,23.31,76.69,0,True,19.9,16,85.4,1
413,-18.76,-48.831,"[0, 13]","[18, 12]",18,True,,18,42.56,57.44,1,True,38.97,20,91.6,-2
414,39.351,130.257,"[1, 2]","[0, 18]",16,True,,16,18.07,81.93,0,True,18.07,16,100.0,0
415,12.176,96.013,"[3, 5]","[18, 3]",15,True,,15,15.83,84.17,0,True,15.83,15,100.0,0
416,-33.66,-8.009,"[14, 12]","[0, 11]",14,True,,14,43.24,56.76,3,True,42.83,14,99.0,0
417,-21.724,154.593,"[1, 17]","[15, 9]",14,True,,15,33.28,66.72,0,True,25.97,19,78.0,-4
418,47.315,-80.351,"[14, 16]","[18, 0]",16,True,,16,31.97,68.03,0,True,29.9,16,93.5,0
419,-39.073,-162.542,"[0, 10]","[19, 10]",19,True,,19,38.21,61.79,0,True,30.56,20,80.0,-1
420,18.947,-41.432,"[6, 1]","[2, 17]",16,True,,17,49.46,50.54,0,True,41.46,21,83.8,-4
421,-57.282,10.971,"[19, 1]","[6, 18]",17,True,,18,65.08,34.92,3,True,62.91,17,96.7,1
422,-51.245,-153.655,"[18, 2]","[1, 0]",17,True,,17,23.49,76.51,0,True,45.24,17,100.0,0
423,-36.843,-95.079,"[19, 16]","[0, 18]",19,True,,21,52.36,47.64,0,True,43.73,19,83.5,2
424,-11.287,-34.19,"[5, 2]","[19, 5]",14,True,,15,39.97,60.03,0,True,36.73,15,91.9,0
425,-23.287,-85.933,"[10, 2]","[13, 16]",14,True,,14,21.24,78.76,0,True,20.66,14,97.2,0
426,-2.483,-157.63,"[8, 3]","[17, 17]",14,True,,19,58.7,41.3,4,True,51.49,22,87.7,-3
427,-15.784,-162.094,"[19, 19]","[3, 7]",16,True,,16,28.04,71.96,1,True,28.04,16,100.0,0
428,-36.033,-139.577,"[5, 19]","[12, 4]",15,False,energy_exhausted,89,100.0,0.0,0,True,41.46,15,,
429,-28.525,-146.679,"[0, 19]","[11, 5]",14,True,,15,32.38,67.62,1,True,31.56,16,97.4,-1
430,-37.928,-78.564,"[19, 6]","[5, 12]",14,True,,15,45.97,54.03,0,True,44.21,14,96.2,1
431,-18.597,-37.419,"[10, 0]","[1, 18]",18,True,,20,30.38,69.62,0,True,28.14,19,92.6,1
432,-11.174,-61.868,"[17, 17]","[7, 0]",17,True,,23,37.7,62.3,0,True,27.73,22,73.6,1
433,-42.567,-127.3,"[16, 2]","[15, 18]",16,True,,16,36.56,63.44,0,True,36.31,16,99.3,0
434,46.14,162.66,"[11, 2]","[9, 19]",17,True,,17,44.46,55.54,0,True,41.49,17,93.3,0
435,-56.374,35.041,"[16, 19]","[0, 9]",16,True,,19,44.53,55.47,0,True,46.28,17,100.0,2
436,-7.952,-31.808,"[17, 5]","[2, 15]",15,True,,22,48.53,51.47,0,True,40.97,18,84.4,4
437,-20.256,-112.056,"[6, 0]","[2, 19]",19,True,,20,39.63,60.37,0,True,42.49,19,100.0,1
438,-42.27,-52.773,"[15, 15]","[0, 0]",15,False,energy_exhausted,65,100.0,0.0,0,True,60.08,17,,
439,51.897,52.556,"[0, 18]","[15, 3]",15,True,,19,55.84,44.16,3,True,55.36,20,99.1,-1
440,-44.5,112.275,"[5, 19]","[9, 5]",14,True,,14,44.56,55.44,5,True,42.28,15,94.9,-1
441,39.198,-53.265,"[0, 2]","[15, 14]",15,True,,21,45.28,54.72,0,True,46.73,21,100.0,0
442,-53.376,111.517,"[12, 18]","[15, 4]",14,True,,14,18.49,81.51,0,True,17.9,14,96.8,0
443,21.947,-133.815,"[18, 4]","[1, 9]",17,True,,17,59.7,40.3,2,True,56.8,17,95.1,0
444,8.772,179.591,"[15, 0]","[1, 0]",14,False,energy_exhausted,82,100.0,0.0,0,True,30.9,14,,
445,-17.956,-48.184,"[15, 17]","[16, 2]",15,True,,15,39.8,60.2,0,True,35.97,15,90.4,0
446,-10.547,88.519,"[17, 15]","[3, 11]",14,True,,14,33.56,66.44,0,True,33.07,14,98.6,0
447,-47.863,13.387,"[7, 2]","[4, 19]",17,True,,17,22.49,77.51,0,True,22.31,17,99.2,0
448,-38.875,-110.613,"[1, 5]","[17, 18]",16,True,,19,59.36,40.64,0,True,56.77,18,95.6,1
449,-23.238,-108.656,"[2, 19]","[17, 16]",15,True,,15,17.24,82.76,0,True,17.24,15,100.0,0
450,-18.823,122.915,"[18, 18]","[15, 4]",14,True,,16,37.38,62.62,1,True,35.31,17,94.5,-1
451,19.472,-123.781,"[14, 3]","[11, 17]",14,True,,14,26.56,73.44,0,True,24.24,14,91.3,0
452,-42.236,-173.25,"[16, 6]","[0, 2]",16,True,,16,30.8,69.2,0,True,29.38,16,95.4,0
453,57.868,63.626,"[18, 11]","[4, 12]",14,True,,14,32.97,67.03,0,True,32.56,14,98.7,0
454,49.831,-31.06,"[12, 0]","[9, 14]",14,True,,14,28.8,71.2,0,True,27.14,15,94.2,-1
455,-25.573,54.614,"[19, 8]","[3, 1]",16,True,,18,51.8,48.2,2,True,50.11,16,96.7,2
456,-46.414,60.73,"[19, 8]","[5, 3]",14,True,,14,43.63,56.37,0,True,42.97,14,98.5,0
457,46.006,-19.836,"[0, 4]","[19, 13]",19,True,,23,56.38,43.62,1,True,49.63,19,88.0,4
458,-29.143,141.08,"[19, 15]","[2, 17]",17,True,,17,45.87,54.13,0,True,40.9,17,89.2,0
459,5.477,-141.996,"[3, 2]","[11, 18]",16,True,,16,43.53,56.47,0,True,41.28,16,94.8,0
460,42.491,-160.662,"[6, 16]","[0, 1]",15,True,,15,33.63,66.37,0,True,36.97,15,100.0,0
461,-52.406,93.096,"[2, 1]","[19, 2]",17,True,,17,46.56,53.44,0,True,45.07,17,96.8,0
462,31.606,-156.832,"[6, 1]","[13, 17]",16,True,,18,24.31,75.69,0,True,21.31,16,87.7,2
463,36.054,137.363,"[15, 3]","[9, 19]",16,True,,19,52.87,47.13,1,True,43.56,17,82.4,2
464,13.529,60.493,"[0, 3]","[18, 19]",18,False,energy_exhausted,33,100.0,0.0,2,True,69.7,24,,
465,56.238,168.269,"[13, 1]","[4, 18]",17,True,,19,25.73,74.27,0,True,24.14,18,93.8,1
466,29.358,155.457,"[17, 15]","[2, 12]",15,True,,15,21.14,78.86,0,True,19.07,15,90.2,0
467,2.325,146.614,"[7, 1]","[6, 15]",14,True,,14,18.24,81.76,0,True,18.07,14,99.1,0
468,1.651,-153.11,"[17, 9]","[1, 3]",16,True,,18,45.04,54.96,0,True,38.07,18,84.5,0
469,-14.761,-60.183,"[14, 18]","[17, 4]",14,True,,14,29.97,70.03,0,True,26.9,14,89.8,0
470,-47.987,102.722,"[2, 0]","[19, 5]",17,True,,21,59.14,40.86,2,True,52.56,17,88.9,4
471,-54.799,115.481,"[0, 14]","[19, 5]",19,True,,19,40.04,59.96,0,True,37.73,19,94.2,0
472,-22.613,-99.54,"[14, 16]","[19, 1]",15,True,,15,50.46,49.54,3,True,45.97,15,91.1,0
473,55.977,31.865,"[10, 0]","[13, 15]",15,True,,16,30.56,69.44,0,True,29.97,15,98.1,1
474,-46.008,122.68,"[4, 16]","[10, 0]",16,False,energy_exhausted,45,100.0,0.0,0,True,60.53,16,,
475,-43.396,107.217,"[14, 19]","[11, 2]",17,True,,18,47.21,52.79,0,True,45.49,17,96.3,1
476,3.481,-81.875,"[2, 14]","[16, 6]",14,True,,17,43.46,56.54,1,True,38.04,14,87.5,3
477,7.379,-119.052,"[12, 17]","[4, 0]",17,True,,17,52.87,47.13,0,True,51.53,17,97.5,0
478,59.095,-90.799,"[15, 2]","[7, 16]",14,True,,14,35.63,64.37,0,True,34.8,14,97.7,0
479,-55.527,-84.891,"[18, 6]","[4, 9]",14,True,,15,47.63,52.37,1,True,42.9,14,90.1,1
480,-5.045,-163.591,"[16, 10]","[1, 1]",15,True,,16,42.94,57.06,2,True,37.8,16,88.0,0
481,20.167,-68.809,"[17, 0]","[1, 3]",16,True,,16,21.49,78.51,0,True,21.07,16,98.1,0
482,-0.293,-68.255,"[19, 13]","[4, 4]",15,True,,16,54.6,45.4,2,True,48.7,15,89.2,1
483,32.736,-76.868,"[3, 19]","[13, 4]",15,True,,15,29.04,70.96,0,True,27.04,15,93.1,0
484,30.684,-55.817,"[16, 3]","[0, 13]",16,True,,17,42.46,57.54,0,True,41.7,16,98.2,1
485,0.104,14.123,"[19, 11]","[1, 7]",18,True,,18,58.63,41.37,0,True,56.14,18,95.8,0
486,9.681,113.735,"[18, 0]","[3, 12]",15,True,,20,42.46,57.54,0,True,29.14,19,68.6,1
487,-45.542,-158.88,"[14, 2]","[12, 17]",15,True,,21,48.01,51.99,0,True,22.07,15,46.0,6
488,40.636,133.591,"[11, 18]","[4, 3]",15,True,,15,33.04,66.96,0,True,30.8,15,93.2,0
489,-15.765,-15.845,"[1, 16]","[15, 4]",14,True,,14,25.63,74.37,0,True,24.63,14,96.1,0
490,-56.68,-166.239,"[6, 18]","[1, 1]",17,True,,17,57.6,42.4,1,True,52.7,19,91.5,-2
491,-58.458,-114.124,"[17, 1]","[2, 17]",16,True,,17,34.11,65.89,1,True,33.28,17,97.6,0
492,-36.973,-168.099,"[18, 1]","[13, 16]",15,True,,17,25.14,74.86,0,True,22.56,17,89.7,0
493,-1.007,-93.057,"[17, 6]","[0, 14]",17,True,,19,21.49,78.51,0,True,20.31,17,94.5,2
494,-52.038,-138.067,"[4, 19]","[0, 2]",17,True,,18,31.31,68.69,0,True,45.18,17,100.0,1
495,-15.874,36.116,"[9, 5]","[4, 19]",14,True,,14,27.97,72.03,0,True,27.97,14,100.0,0
496,-10.61,94.562,"[10, 17]","[9, 0]",17,True,,37,63.7,36.3,0,True,40.66,17,63.8,20
497,-53.287,-48.822,"[19, 1]","[4, 6]",15,True,,15,46.11,53.89,1,True,41.73,15,90.5,0
498,-30.602,-178.049,"[18, 10]","[0, 2]",18,True,,18,25.14,74.86,0,True,25.14,18,100.0,0
499,-25.5,50.828,"[5, 19]","[13, 3]",16,False,energy_exhausted,91,100.0,0.0,0,True,59.21,21,,
500,-38.018,-19.787,"[3, 7]","[18, 5]",15,True,,15,39.14,60.86,1,True,36.24,15,92.6,0
501,-9.298,-145.069,"[5, 0]","[6, 18]",18,True,,18,22.9,77.1,0,True,21.83,19,95.3,-1
502,22.72,22.265,"[18, 6]","[3, 11]",15,True,,15,33.97,66.03,0,True,32.9,15,96.8,0
503,46.989,54.857,"[19, 6]","[0, 13]",19,True,,19,59.04,40.96,0,True,58.46,19,99.0,0
504,57.718,-27.087,"[0, 0]","[19, 10]",19,True,,24,72.67,27.33,0,True,56.53,19,77.8,5
505,37.366,57.804,"[0, 16]","[4, 2]",14,True,,14,44.14,55.86,0,True,44.14,14,100.0,0
506,-36.619,-5.051,"[18, 0]","[2, 16]",16,True,,16,65.05,34.95,0,True,65.05,16,100.0,0
507,-56.121,89.994,"[17, 9]","[3, 6]",14,True,,15,41.9,58.1,1,True,37.63,19,89.8,-4
508,-5.73,-23.85,"[19, 12]","[0, 3]",19,True,,20,37.04,62.96,0,True,33.56,19,90.6,1
509,-55.535,105.008,"[1, 17]","[8, 2]",15,True,,17,49.56,50.44,0,True,44.56,17,89.9,0
510,-53.483,73.594,"[3, 1]","[3, 16]",15,True,,15,35.31,64.69,0,True,33.0,15,93.4,0
511,-55.52,-169.895,"[16, 9]","[1, 4]",15,True,,15,24.8,75.2,0,True,22.9,15,92.3,0
512,11.246,-170.706,"[1, 0]","[7, 14]",14,True,,14,23.31,76.69,0,True,21.56,14,92.5,0
513,-34.78,56.31,"[19, 16]","[3, 11]",16,True,,16,43.21,56.79,0,True,38.31,16,88.7,0
514,0.56,168.68,"[15, 5]","[8, 19]",14,True,,16,19.49,80.51,0,True,21.49,16,100.0,0
515,-35.469,-0.153,"[0, 19]","[17, 3]",17,True,,26,75.25,24.75,3,True,49.8,24,66.2,2
516,23.023,2.099,"[19, 4]","[4, 7]",15,True,,16,48.46,51.54,2,True,44.24,16,91.3,0
517,43.829,-140.435,"[2, 10]","[16, 9]",14,True,,16,26.9,73.1,0,True,24.31,16,90.4,0
518,-18.216,50.187,"[9, 17]","[5, 1]",16,True,,16,27.97,72.03,0,True,24.9,16,89.0,0
519,56.8,73.374,"[12, 3]","[3, 17]",14,True,,16,32.38,67.62,2,True,30.04,14,92.8,2
520,-26.914,-133.784,"[18, 19]","[7, 4]",15,True,,19,36.46,63.54,0,True,34.38,18,94.3,1
521,-43.602,45.368,"[19, 6]","[3, 2]",16,True,,16,42.36,57.64,0,True,40.31,16,95.2,0
522,12.135,93.235,"[12, 19]","[2, 4]",15,True,,15,21.38,78.62,0,True,19.14,15,89.5,0
523,17.892,-103.74,"[8, 0]","[7, 15]",15,True,,17,62.31,37.69,12,True,55.41,15,88.9,2
524,-7.919,160.843,"[2, 9]","[18, 2]",16,True,,16,50.46,49.54,0,True,45.07,20,89.3,-4
525,-10.662,-21.016,"[6, 2]","[11, 18]",16,True,,50,83.04,16.96,1,True,39.9,22,48.0,28
526,11.898,-40.127,"[2, 10]","[17, 6]",15,True,,15,34.9,65.1,2,True,34.49,15,98.8,0
527,42.52,27.005,"[17, 4]","[0, 3]",17,True,,17,22.07,77.93,0,True,20.41,17,92.5,0
528,22.812,-11.289,"[5, 13]","[19, 14]",14,True,,15,22.49,77.51,0,True,20.07,15,89.3,0
529,-3.355,80.568,"[16, 10]","[1, 14]",15,True,,15,28.14,71.86,0,True,27.31,15,97.1,0
530,-33.004,85.983,"[15, 8]","[1, 12]",14,True,,14,41.31,58.69,0,True,41.31,14,100.0,0
531,59.012,24.637,"[0, 19]","[14, 17]",14,True,,15,15.41,84.59,0,True,14.83,14,96.2,1
532,-29.454,57.261,"[9, 0]","[5, 19]",19,True,,19,63.94,36.06,5,True,62.11,19,97.1,0
533,-28.679,59.326,"[6, 16]","[1, 0]",16,True,,17,38.04,61.96,3,True,30.07,16,79.0,1
534,-6.963,-10.066,"[18, 15]","[3, 0]",15,True,,19,33.21,66.79,0,True,30.97,18,93.2,1
535,53.135,-163.207,"[15, 15]","[0, 2]",15,True,,25,61.6,38.4,3,True,46.36,16,75.3,9
536,-38.476,90.758,"[5, 5]","[8, 19]",14,True,,14,41.28,58.72,0,True,37.97,14,92.0,0
537,24.557,-161.76,"[0, 10]","[18, 14]",18,True,,18,46.53,53.47,0,True,39.56,21,85.0,-3
538,47.077,-91.195,"[19, 0]","[1, 11]",18,True,,18,43.53,56.47,0,True,36.38,21,83.6,-3
539,26.595,-79.208,"[1, 16]","[18, 1]",17,True,,21,73.84,26.16,0,True,67.81,17,91.8,4
540,-40.809,-42.846,"[8, 17]","[13, 2]",15,True,,18,63.6,36.4,0,True,55.21,15,86.8,3
541,45.053,-97.297,"[2, 2]","[10, 18]",16,True,,16,40.87,59.13,0,True,36.46,16,89.2,0
542,-7.419,68.519,"[3, 8]","[18, 15]",15,True,,16,21.31,78.69,0,True,20.31,15,95.3,1
543,56.269,165.552,"[11, 0]","[0, 19]",19,True,,23,50.7,49.3,0,True,49.21,21,97.1,2
544,43.662,4.932,"[16, 14]","[1, 2]",15,True,,16,36.46,63.54,0,True,33.14,19,90.9,-3
545,43.919,-100.399,"[3, 19]","[14, 2]",17,True,,17,34.63,65.37,0,True,32.63,17,94.2,0
546,-10.569,126.594,"[18, 4]","[0, 5]",18,True,,19,47.04,52.96,0,True,44.24,18,94.0,1
547,37.02,-81.598,"[12, 0]","[4, 18]",18,True,,18,26.14,73.86,0,True,25.31,18,96.8,0
548,17.018,29.885,"[13, 0]","[14, 16]",16,True,,16,43.04,56.96,0,True,41.04,16,95.4,0
549,-35.269,-57.949,"[18, 18]","[3, 6]",15,True,,26,51.73,48.27,0,True,57.08,15,100.0,11
550,19.279,176.125,"[6, 2]","[16, 16]",14,True,,69,74.9,25.1,0,True,24.31,20,32.5,49
551,-29.391,77.627,"[1, 3]","[17, 16]",16,True,,20,42.46,57.54,0,True,33.97,19,80.0,1
552,-15.899,-64.555,"[0, 18]","[16, 17]",16,True,,18,31.49,68.51,0,True,32.73,16,100.0,2
553,6.954,-8.824,"[3, 17]","[17, 16]",14,True,,14,32.07,67.93,0,True,30.41,14,94.8,0
554,-5.25,-79.402,"[9, 19]","[1, 2]",17,True,,17,33.87,66.13,0,True,29.31,19,86.5,-2
555,-4.982,-2.103,"[3, 3]","[12, 17]",14,True,,19,32.63,67.37,0,True,27.63,14,84.7,5
556,-22.634,46.92,"[16, 7]","[0, 7]",16,True,,19,49.8,50.2,1,True,46.04,16,92.5,3
557,-9.793,-133.449,"[9, 1]","[12, 19]",18,True,,18,43.97,56.03,0,True,40.31,19,91.7,-1
558,-58.23,34.862,"[19, 0]","[5, 11]",14,True,,18,46.46,53.54,0,True,39.63,17,85.3,1
559,49.184,64.04,"[16, 7]","[1, 10]",15,True,,15,50.87,49.13,1,True,45.49,15,89.4,0
560,-17.411,80.246,"[2, 11]","[19, 3]",17,True,,19,52.77,47.23,0,True,34.97,23,66.3,-4
561,-11.13,59.038,"[15, 10]","[1, 19]",14,True,,14,27.63,72.37,0,True,27.38,15,99.1,-1
562,-9.076,103.706,"[2, 2]","[0, 19]",17,True,,17,41.04,58.96,0,True,39.24,17,95.6,0
563,18.989,157.122,"[14, 0]","[12, 17]",17,True,,17,51.87,48.13,0,True,50.73,17,97.8,0
564,14.396,88.089,"[2, 5]","[15, 19]",14,True,,16,40.77,59.23,0,True,37.21,17,91.3,-1
565,-11.914,-121.562,"[11, 4]","[7, 19]",15,True,,15,51.21,48.79,3,True,47.14,15,92.1,0
566,59.472,-46.463,"[6, 4]","[16, 18]",14,True,,19,46.63,53.37,0,True,40.28,15,86.4,4
567,-49.773,-63.088,"[16, 18]","[11, 0]",18,False,energy_exhausted,48,100.0,0.0,3,True,59.21,18,,
568,12.223,161.091,"[1, 14]","[16, 17]",15,True,,15,48.38,51.62,0,True,45.9,15,94.9,0
569,-18.081,55.253,"[19, 11]","[5, 13]",14,True,,14,42.56,57.44,1,True,39.66,14,93.2,0
570,17.275,74.429,"[0, 18]","[17, 11]",17,True,,18,31.97,68.03,0,True,31.21,17,97.6,1
571,-51.858,-82.503,"[5, 5]","[19, 11]",14,True,,15,35.38,64.62,0,True,34.38,14,97.2,1
572,-16.23,147.285,"[14, 4]","[16, 19]",15,True,,15,23.73,76.27,0,True,22.73,15,95.8,0
573,7.346,-170.23,"[15, 15]","[0, 14]",15,True,,15,31.73,68.27,0,True,25.66,15,80.9,0
574,56.258,167.609,"[18, 2]","[1, 5]",17,True,,18,50.53,49.47,3,True,42.21,17,83.5,1
575,48.835,6.708,"[0, 17]","[14, 9]",14,True,,19,46.8,53.2,0,True,36.46,15,77.9,4
576,37.388,-160.615,"[10, 1]","[18, 19]",18,True,,18,22.31,77.69,0,True,21.31,18,95.5,0
577,-59.34,78.534,"[14, 4]","[16, 19]",15,True,,15,15.83,84.17,0,True,15.83,15,100.0,0
578,-14.215,-170.178,"[1, 19]","[19, 19]",18,True,,18,22.24,77.76,0,True,22.24,18,100.0,0
579,-14.17,-62.715,"[19, 19]","[6, 4]",15,True,,22,48.97,51.03,0,True,54.5,15,100.0,7
580,-15.703,-25.426,"[6, 17]","[17, 2]",15,False,energy_exhausted,73,100.0,0.0,0,True,44.63,19,,
581,10.083,-33.611,"[1, 13]","[15, 4]",14,True,,14,30.8,69.2,1,True,28.14,15,91.4,-1
582,-23.57,10.739,"[16, 4]","[9, 19]",15,True,,15,34.56,65.44,0,True,33.31,16,96.4,-1
583,-46.131,164.12,"[2, 3]","[19, 6]",17,True,,17,48.63,51.37,0,True,42.07,17,86.5,0
584,-2.419,26.561,"[18, 13]","[0, 5]",18,True,,20,49.38,50.62,0,True,45.9,20,92.9,0
585,-2.534,-59.243,"[1, 4]","[15, 0]",14,True,,14,37.97,62.03,0,True,43.14,14,100.0,0
586,-19.265,-87.798,"[4, 5]","[19, 19]",15,True,,39,99.37,0.63,1,True,56.6,18,57.0,21
587,-21.945,-14.816,"[4, 15]","[8, 1]",14,True,,14,46.28,53.72,0,True,39.8,14,86.0,0
588,42.239,80.63,"[0, 19]","[16, 11]",16,True,,18,26.14,73.86,0,True,21.31,16,81.5,2
589,37.046,87.939,"[16, 7]","[2, 0]",14,True,,14,23.73,76.27,0,True,23.73,14,100.0,0
590,-46.142,170.302,"[12, 2]","[8, 17]",15,True,,15,26.56,73.44,0,True,25.97,15,97.8,0
591,24.576,69.319,"[17, 0]","[10, 19]",19,True,,22,41.04,58.96,0,True,37.97,21,92.5,1
592,12.781,-35.162,"[10, 16]","[17, 1]",15,True,,15,42.04,57.96,0,True,37.07,17,88.2,-2
593,22.906,77.613,"[18, 5]","[3, 3]",15,False,energy_exhausted,63,100.0,0.0,1,True,32.83,15,,
594,-34.338,-108.669,"[17, 3]","[15, 19]",16,True,,18,37.63,62.37,0,True,29.24,16,77.7,2
595,-23.64,-100.057,"[19, 11]","[2, 5]",17,True,,17,51.28,48.72,0,True,47.21,18,92.1,-1
596,24.43,115.223,"[0, 9]","[14, 19]",14,True,,17,43.21,56.79,0,True,41.11,14,95.1,3
597,45.492,-109.096,"[18, 10]","[4, 0]",14,True,,17,47.7,52.3,0,True,59.94,16,100.0,1
598,7.492,-160.348,"[2, 16]","[15, 2]",14,True,,18,55.6,44.4,1,True,54.77,18,98.5,0
599,17.542,174.202,"[2, 17]","[18, 9]",16,True,,28,62.18,37.82,4,True,33.97,16,54.6,12
600,3.759,-17.119,"[0, 1]","[16, 15]",16,True,,16,24.21,75.79,0,True,24.21,16,100.0,0
601,-44.831,-37.955,"[16, 17]","[0, 19]",16,True,,16,34.31,65.69,0,True,35.66,16,100.0,0
602,-4.97,-62.273,"[3, 12]","[19, 9]",16,True,,16,26.07,73.93,0,True,26.07,16,100.0,0
603,-44.143,144.69,"[12, 17]","[4, 1]",16,True,,18,51.28,48.72,1,True,46.7,16,91.1,2
604,-22.311,13.258,"[0, 6]","[14, 9]",14,True,,16,41.21,58.79,3,True,34.38,15,83.4,1
605,-28.282,-133.17,"[2, 9]","[17, 7]",15,True,,17,37.46,62.54,1,True,21.49,15,57.4,2
606,25.01,-129.147,"[17, 10]","[1, 16]",16,True,,18,26.97,73.03,0,True,23.31,18,86.4,0
607,5.804,-127.478,"[1, 1]","[19, 19]",18,True,,23,59.18,40.82,0,True,58.11,25,98.2,-2
608,-8.904,-53.813,"[12, 18]","[4, 1]",17,True,,26,61.04,38.96,1,True,40.14,18,65.8,8
609,-45.713,104.275,"[18, 5]","[4, 0]",14,True,,14,46.11,53.89,3,True,41.38,14,89.7,0
610,-34.069,85.795,"[0, 19]","[14, 11]",14,True,,18,26.31,73.69,0,True,32.63,15,100.0,3
611,10.699,-103.87,"[13, 19]","[10, 3]",16,True,,20,52.97,47.03,0,True,51.31,16,96.9,4
612,11.925,154.419,"[1, 4]","[8, 18]",14,True,,15,27.97,72.03,0,True,25.38,14,90.8,1
613,45.607,114.819,"[14, 0]","[11, 18]",18,True,,18,21.07,78.93,0,True,21.07,18,100.0,0
614,54.334,-178.747,"[14, 12]","[0, 11]",14,True,,14,29.97,70.03,0,True,28.73,14,95.9,0
615,12.382,16.264,"[0, 9]","[18, 3]",18,True,,18,41.21,58.79,0,True,39.56,18,96.0,0
616,-37.281,-97.124,"[17, 18]","[1, 5]",16,True,,19,57.6,42.4,0,True,51.25,16,89.0,3
617,-45.562,-21.601,"[1, 5]","[19, 17]",18,True,,20,53.18,46.82,2,True,46.53,18,87.5,2
618,-55.604,48.197,"[0, 0]","[18, 19]",19,True,,28,71.53,28.47,2,True,66.08,22,92.4,6
619,48.327,-169.901,"[0, 2]","[12, 19]",17,True,,20,45.7,54.3,0,True,50.97,22,100.0,-2
620,14.158,-21.822,"[18, 16]","[0, 16]",18,True,,18,44.38,55.62,0,True,42.0,18,94.6,0
621,13.944,139.664,"[13, 15]","[2, 1]",14,True,,21,44.46,55.54,1,True,34.63,16,77.9,5
622,-21.283,142.762,"[3, 14]","[18, 16]",15,True,,15,24.49,75.51,0,True,22.83,15,93.2,0
623,-21.614,87.08,"[19, 0]","[7, 16]",16,True,,21,56.7,43.3,2,True,47.53,17,83.8,4
624,1.065,72.707,"[1, 0]","[14, 18]",18,True,,25,54.97,45.03,2,True,37.31,24,67.9,1
625,-20.741,73.72,"[4, 15]","[19, 15]",15,True,,16,51.38,48.62,1,True,45.0,15,87.6,1
626,-42.913,18.373,"[10, 19]","[5, 3]",16,True,,24,87.01,12.99,10,True,62.38,16,71.7,8
627,52.242,-35.434,"[5, 5]","[11, 19]",14,True,,15,41.56,58.44,3,True,39.21,14,94.4,1
628,49.378,170.246,"[15, 0]","[13, 16]",16,True,,16,35.56,64.44,0,True,25.9,16,72.8,0
629,-0.326,62.359,"[19, 3]","[0, 10]",19,False,energy_exhausted,36,100.0,0.0,4,True,41.73,19,,
630,6.306,51.227,"[0, 8]","[15, 10]",15,True,,15,19.49,80.51,0,True,18.66,15,95.7,0
631,-38.286,-13.314,"[8, 3]","[11, 17]",14,True,,15,21.9,78.1,0,True,18.31,14,83.6,1
632,-53.186,-36.28,"[0, 10]","[17, 12]",17,True,,17,55.87,44.13,5,True,50.83,17,91.0,0
633,-25.46,112.265,"[18, 8]","[0, 18]",18,True,,26,31.56,68.44,0,True,23.97,18,76.0,8
634,-45.547,-169.925,"[16, 14]","[2, 7]",14,True,,15,49.28,50.72,1,True,47.04,14,95.4,1
635,57.33,68.91,"[15, 1]","[13, 19]",18,True,,18,45.87,54.13,0,True,43.21,18,94.2,0
636,22.086,-26.062,"[17, 12]","[3, 14]",14,True,,17,27.8,72.2,0,True,20.66,14,74.3,3
637,-30.814,135.359,"[5, 18]","[19, 0]",18,False,energy_exhausted,35,100.0,0.0,0,True,61.08,18,,
638,-44.047,31.963,"[11, 19]","[12, 4]",15,True,,15,17.07,82.93,0,True,15.41,15,90.3,0
639,34.833,-127.229,"[2, 10]","[18, 5]",16,True,,17,41.38,58.62,0,True,38.31,16,92.6,1
640,-34.2,73.147,"[3, 11]","[18, 9]",15,True,,17,52.38,47.62,3,True,48.46,15,92.5,2
641,-28.649,105.144,"[14, 16]","[0, 14]",14,True,,15,30.21,69.79,0,True,26.97,16,89.3,-1
642,13.545,-165.989,"[10, 19]","[7, 3]",16,True,,16,21.14,78.86,0,True,17.24,16,81.6,0
643,14.257,118.396,"[18, 19]","[3, 2]",17,True,,26,80.77,19.23,7,True,63.81,17,79.0,9
644,-10.688,134.415,"[14, 17]","[10, 1]",16,True,,17,42.87,57.13,0,True,38.49,16,89.8,1
645,51.572,-25.86,"[15, 5]","[1, 11]",14,True,,16,28.56,71.44,0,True,25.9,15,90.7,1
646,-51.6,-118.568,"[14, 18]","[0, 8]",14,True,,14,22.38,77.62,0,True,19.73,15,88.1,-1
647,-25.564,145.557,"[5, 17]","[0, 1]",16,True,,16,21.38,78.62,0,True,18.07,16,84.5,0
648,40.522,64.031,"[8, 2]","[6, 18]",16,True,,16,47.56,52.44,1,True,43.87,17,92.2,-1
649,-42.971,-86.602,"[5, 1]","[6, 17]",16,True,,16,24.49,75.51,0,True,23.14,19,94.5,-3
650,-53.34,-57.921,"[3, 4]","[13, 19]",15,True,,17,27.38,72.62,0,True,23.31,17,85.1,0
651,7.119,143.183,"[16, 15]","[0, 14]",16,True,,16,26.56,73.44,0,True,20.49,16,77.1,0
652,5.459,113.523,"[2, 11]","[16, 6]",14,True,,14,30.38,69.62,0,True,26.56,14,87.4,0
653,-59.869,131.795,"[15, 8]","[0, 9]",15,True,,15,48.9,51.1,3,True,48.24,15,98.7,0
654,-49.98,121.36,"[8, 18]","[15, 4]",14,True,,15,28.56,71.44,0,True,27.38,15,95.9,0
655,25.828,172.079,"[15, 18]","[0, 11]",15,True,,18,28.14,71.86,0,True,39.24,19,100.0,-1
656,9.256,-70.334,"[8, 18]","[7, 3]",15,True,,15,42.56,57.44,0,True,34.97,15,82.2,0
657,-44.7,-31.34,"[17, 2]","[5, 19]",17,True,,18,55.01,44.99,2,True,53.77,18,97.7,0
658,-9.083,12.1,"[15, 19]","[1, 9]",14,True,,16,22.14,77.86,0,True,22.38,14,100.0,2
659,-58.941,-92.69,"[15, 2]","[10, 16]",14,True,,14,26.73,73.27,0,True,25.49,14,95.4,0
660,52.749,-117.725,"[2, 5]","[17, 19]",15,True,,21,53.7,46.3,0,True,45.8,21,85.3,0
661,-54.648,129.229,"[18, 18]","[3, 14]",15,True,,15,29.21,70.79,0,True,24.49,15,83.8,0
662,-44.776,157.574,"[18, 18]","[0, 7]",18,True,,19,46.28,53.72,2,True,43.63,18,94.3,1
663,-9.675,71.465,"[4, 12]","[19, 8]",15,True,,15,44.8,55.2,1,True,39.73,15,88.7,0
664,17.969,145.018,"[16, 5]","[1, 8]",15,True,,15,53.28,46.72,2,True,49.9,15,93.6,0
665,6.458,-164.091,"[2, 16]","[17, 1]",15,True,,18,35.11,64.89,0,True,32.8,21,93.4,-3
666,1.539,7.402,"[17, 4]","[3, 7]",14,True,,16,39.38,60.62,0,True,36.83,15,93.5,1
667,55.761,68.403,"[3, 1]","[19, 17]",16,True,,23,78.01,21.99,5,True,68.15,18,87.4,5
668,15.061,25.8,"[3, 13]","[19, 17]",16,True,,16,27.31,72.69,0,True,26.49,16,97.0,0
669,-46.324,152.853,"[16, 18]","[2, 10]",14,True,,19,51.73,48.27,3,True,40.7,14,78.7,5
670,14.969,-103.387,"[6, 0]","[3, 19]",19,True,,20,34.14,65.86,0,True,30.31,19,88.8,1
671,-28.902,33.519,"[18, 17]","[0, 2]",18,True,,25,61.53,38.47,0,True,61.43,21,99.8,4
672,51.047,7.218,"[17, 1]","[0, 19]",18,True,,22,71.33,28.67,2,True,58.38,26,81.9,-4
673,59.352,-48.763,"[0, 18]","[7, 3]",15,True,,17,35.31,64.69,0,True,34.14,16,96.7,1
674,-41.438,-153.68,"[1, 13]","[15, 4]",14,True,,14,50.36,49.64,0,True,50.36,14,100.0,0
675,32.022,-90.18,"[12, 18]","[19, 3]",15,True,,16,45.87,54.13,0,True,41.07,18,89.5,-2
676,27.745,-54.25,"[17, 13]","[0, 5]",17,True,,41,73.63,26.37,1,True,46.04,17,62.5,24
677,-59.711,-55.981,"[19, 14]","[2, 7]",17,True,,17,52.04,47.96,0,True,52.04,17,100.0,0
678,-33.699,-12.958,"[19, 0]","[0, 10]",19,True,,23,49.21,50.79,0,True,43.21,22,87.8,1
679,-52.396,157.898,"[17, 13]","[0, 11]",17,True,,18,31.97,68.03,0,True,27.24,18,85.2,0
680,36.163,-8.765,"[5, 16]","[7, 2]",14,True,,14,15.66,84.34,0,True,14.83,14,94.7,0
681,-11.968,84.068,"[2, 13]","[16, 2]",14,True,,14,25.63,74.37,0,True,25.63,14,100.0,0
682,47.465,-122.154,"[16, 3]","[14, 18]",15,False,hazard_death,29,100.0,0.0,11,True,57.77,15,,
683,-1.846,-45.759,"[19, 13]","[2, 10]",17,True,,17,37.14,62.86,0,True,34.63,20,93.2,-3
684,16.437,-74.023,"[5, 1]","[5, 16]",15,True,,15,44.46,55.54,2,True,38.14,15,85.8,0
685,53.177,128.456,"[8, 18]","[3, 3]",15,True,,15,25.49,74.51,0,True,25.49,15,100.0,0
686,31.696,-69.195,"[18, 17]","[15, 0]",17,True,,17,45.38,54.62,0,True,43.07,17,94.9,0
687,-7.929,64.817,"[19, 18]","[11, 1]",17,True,,17,39.97,60.03,0,True,38.73,17,96.9,0
688,-41.646,170.675,"[1, 5]","[16, 16]",15,True,,20,43.21,56.79,0,True,37.21,16,86.1,4
689,-57.694,-117.27,"[10, 18]","[15, 1]",17,True,,25,68.28,31.72,0,True,52.46,17,76.8,8
690,35.908,75.156,"[6, 4]","[10, 18]",14,True,,14,22.9,77.1,0,True,22.07,14,96.4,0
691,-11.496,139.54,"[0, 3]","[2, 18]",15,True,,15,44.28,55.72,0,True,36.24,15,81.8,0
692,6.799,-177.807,"[18, 0]","[17, 15]",15,True,,35,68.77,31.23,4,True,31.07,15,45.2,20
693,-40.568,35.546,"[12, 18]","[4, 3]",15,True,,17,53.38,46.62,6,True,46.21,15,86.6,2
694,6.058,-141.958,"[7, 2]","[1, 16]",14,True,,14,25.38,74.62,0,True,28.14,18,100.0,-4
695,38.504,70.149,"[18, 3]","[19, 18]",15,True,,16,29.97,70.03,1,True,29.31,16,97.8,0
696,28.708,-96.958,"[16, 2]","[4, 18]",16,True,,16,45.18,54.82,0,True,43.77,16,96.9,0
697,-46.537,-87.455,"[5, 6]","[19, 19]",14,True,,16,45.36,54.64,0,True,37.04,17,81.7,-1
698,-18.972,1.55,"[19, 17]","[3, 4]",16,True,,18,39.11,60.89,0,True,31.87,17,81.5,1
699,-10.14,-47.548,"[4, 1]","[6, 15]",14,True,,15,48.36,51.64,1,True,40.63,16,84.0,-1
700,19.219,53.798,"[4, 5]","[7, 19]",14,True,,14,40.97,59.03,1,True,37.73,14,92.1,0
701,19.463,-29.184,"[19, 4]","[0, 14]",19,True,,21,66.18,33.82,4,True,63.77,19,96.4,2
702,-28.765,-121.547,"[2, 5]","[10, 19]",14,True,,14,36.46,63.54,0,True,35.46,14,97.3,0
703,-53.112,-65.018,"[4, 6]","[19, 7]",15,True,,15,49.31,50.69,5,True,47.56,15,96.4,0
704,22.174,-90.812,"[17, 19]","[8, 2]",17,False,energy_exhausted,91,100.0,0.0,0,True,32.97,17,,
705,-18.742,-105.13,"[0, 11]","[16, 8]",16,True,,16,18.24,81.76,0,True,18.24,16,100.0,0
706,-27.293,-79.696,"[12, 19]","[9, 3]",16,True,,16,38.66,61.34,0,True,38.66,16,100.0,0
707,-44.72,82.43,"[3, 0]","[1, 16]",16,True,,16,51.46,48.54,0,True,45.66,16,88.7,0
708,0.719,-62.412,"[1, 10]","[19, 0]",18,True,,21,51.94,48.06,0,True,46.8,21,90.1,0
709,36.318,-2.534,"[2, 2]","[19, 7]",17,True,,17,30.31,69.69,0,True,29.9,17,98.6,0
710,-33.198,11.162,"[19, 15]","[1, 5]",18,True,,21,43.21,56.79,0,True,41.04,22,95.0,-1
711,4.497,-59.342,"[0, 15]","[15, 12]",15,True,,15,18.24,81.76,0,True,18.24,15,100.0,0
712,-58.979,57.618,"[0, 15]","[15, 10]",15,True,,16,39.56,60.44,0,True,37.73,15,95.4,1
713,26.723,-30.991,"[18, 11]","[0, 2]",18,True,,18,27.56,72.44,1,True,27.56,18,100.0,0
714,-27.61,59.587,"[2, 15]","[18, 19]",16,True,,16,38.28,61.72,0,True,49.14,16,100.0,0
715,7.808,-151.536,"[19, 2]","[5, 19]",17,True,,21,32.97,67.03,0,True,29.21,17,88.6,4
716,21.508,90.889,"[11, 19]","[2, 5]",14,True,,16,37.63,62.37,0,True,36.46,14,96.9,2
717,27.196,-96.799,"[3, 3]","[19, 5]",16,True,,17,49.97,50.03,2,True,46.97,16,94.0,1
718,-44.662,-103.502,"[15, 0]","[0, 15]",15,True,,19,42.53,57.47,0,True,44.04,21,100.0,-2
719,49.136,136.955,"[10, 3]","[14, 19]",16,True,,16,24.07,75.93,0,True,21.9,16,91.0,0
720,-52.297,20.024,"[5, 0]","[0, 15]",15,True,,15,46.53,53.47,0,True,38.73,15,83.2,0
721,-57.281,-70.456,"[19, 17]","[0, 13]",19,True,,19,59.97,40.03,0,True,59.97,19,100.0,0
722,-39.36,-3.318,"[16, 12]","[2, 0]",14,True,,21,56.11,43.89,0,True,50.18,15,89.4,6
723,-0.036,-124.934,"[16, 15]","[10, 0]",15,True,,15,44.7,55.3,0,True,42.97,15,96.1,0
724,34.031,74.3,"[1, 3]","[8, 18]",15,True,,15,47.87,52.13,0,True,47.11,15,98.4,0
725,34.067,-55.988,"[6, 18]","[14, 4]",14,True,,14,39.21,60.79,4,True,39.21,14,100.0,0
726,-11.182,112.869,"[3, 17]","[18, 14]",15,True,,15,41.94,58.06,0,True,29.8,15,71.0,0
727,-10.767,89.002,"[0, 2]","[10, 19]",17,True,,19,56.46,43.54,0,True,53.63,19,95.0,0
728,37.144,165.06,"[6, 1]","[5, 15]",14,True,,14,17.07,82.93,0,True,17.07,14,100.0,0
729,34.311,70.335,"[19, 16]","[16, 1]",15,True,,15,46.38,53.62,0,True,45.9,15,99.0,0
730,-24.226,-151.857,"[1, 0]","[3, 18]",18,True,,18,35.56,64.44,0,True,40.9,18,100.0,0
731,26.024,45.04,"[10, 5]","[18, 19]",14,True,,15,31.97,68.03,0,True,29.9,16,93.5,-1
732,-56.172,-40.832,"[3, 17]","[18, 3]",15,True,,17,45.53,54.47,2,True,42.11,17,92.5,0
733,-43.039,-48.445,"[0, 8]","[16, 18]",16,True,,16,51.36,48.64,0,True,47.18,16,91.9,0
734,40.334,-12.928,"[13, 0]","[15, 14]",14,True,,15,37.38,62.62,0,True,33.14,14,88.7,1
735,-45.805,17.211,"[18, 2]","[4, 2]",14,True,,16,41.21,58.79,0,True,30.8,17,74.7,-1
736,-16.22,38.64,"[3, 0]","[8, 16]",16,True,,16,46.53,53.47,1,True,44.11,18,94.8,-2
737,42.841,150.012,"[17, 0]","[0, 1]",17,True,,18,33.38,66.62,0,True,39.31,17,100.0,1
738,-28.044,115.189,"[0, 10]","[14, 8]",14,True,,14,31.56,68.44,0,True,28.49,14,90.3,0
739,19.46,14.944,"[1, 4]","[16, 11]",15,True,,15,38.38,61.62,0,True,31.21,17,81.3,-2
740,-4.605,-40.469,"[2, 9]","[16, 12]",14,True,,14,40.9,59.1,0,True,40.9,14,100.0,0
741,-22.12,-127.505,"[10, 0]","[19, 14]",14,True,,15,26.97,73.03,0,True,24.97,14,92.6,1
742,-31.388,-17.454,"[14, 9]","[0, 18]",14,True,,15,48.36,51.64,2,True,46.11,14,95.4,1
743,-4.613,-141.284,"[0, 6]","[17, 17]",17,True,,18,46.94,53.06,0,True,40.9,22,87.1,-4
744,21.437,28.191,"[11, 15]","[6, 0]",15,True,,15,40.7,59.3,0,True,37.14,15,91.3,0
745,-8.757,-144.062,"[9, 3]","[10, 19]",16,True,,17,50.36,49.64,1,True,45.6,16,90.6,1
746,-6.367,-53.179,"[0, 0]","[15, 16]",16,True,,22,59.11,40.89,1,True,50.46,21,85.4,1
747,15.1,-30.094,"[0, 18]","[15, 7]",15,True,,16,32.04,67.96,0,True,23.97,15,74.8,1
748,-43.815,-140.69,"[2, 0]","[15, 14]",14,True,,15,27.04,72.96,0,True,27.04,15,100.0,0
749,57.767,177.414,"[0, 15]","[14, 3]",14,True,,19,45.46,54.54,0,True,38.21,18,84.1,1
750,57.325,-61.987,"[7, 0]","[19, 16]",16,True,,17,40.7,59.3,0,True,38.87,17,95.5,0
751,59.676,99.025,"[18, 1]","[12, 15]",14,True,,14,30.21,69.79,1,True,34.9,15,100.0,-1
752,11.659,147.362,"[0, 5]","[17, 9]",17,True,,19,44.04,55.96,0,True,41.46,17,94.1,2
753,-56.525,-88.924,"[19, 7]","[3, 11]",16,True,,21,28.24,71.76,0,True,23.49,16,83.2,5
754,-3.499,-48.789,"[8, 19]","[8, 2]",17,True,,18,41.97,58.03,1,True,34.21,18,81.5,0
755,24.672,126.066,"[5, 1]","[14, 15]",14,True,,17,24.14,75.86,0,True,22.31,19,92.4,-2
756,50.583,43.685,"[14, 12]","[0, 0]",14,True,,15,29.04,70.96,0,True,21.31,18,73.4,-3
757,42.724,-163.295,"[19, 8]","[3, 1]",16,True,,16,51.87,48.13,0,True,48.7,16,93.9,0
758,-11.371,131.829,"[16, 14]","[1, 1]",15,True,,22,60.77,39.23,0,True,48.53,17,79.9,5
759,-40.811,-38.769,"[15, 2]","[14, 18]",16,True,,16,44.49,55.51,0,True,42.83,16,96.3,0
760,18.275,-145.864,"[2, 4]","[16, 11]",14,True,,14,35.8,64.2,0,True,34.63,14,96.7,0
761,-58.395,-12.457,"[2, 5]","[18, 11]",16,True,,16,32.14,67.86,0,True,30.9,17,96.1,-1
762,-39.393,158.844,"[18, 15]","[2, 1]",16,True,,19,64.5,35.5,0,True,57.91,16,89.8,3
763,28.843,-78.315,"[19, 7]","[0, 12]",19,True,,19,50.28,49.72,0,True,46.73,19,92.9,0
764,18.802,118.179,"[14, 12]","[0, 11]",14,True,,14,17.9,82.1,0,True,16.24,14,90.7,0
765,-12.044,120.058,"[15, 19]","[1, 12]",14,True,,14,36.28,63.72,1,True,31.31,14,86.3,0
766,12.694,-154.843,"[18, 15]","[0, 15]",18,True,,18,32.14,67.86,0,True,30.9,18,96.1,0
767,46.621,-149.696,"[11, 19]","[0, 3]",16,True,,17,35.87,64.13,0,True,36.04,17,100.0,0
768,-19.733,-118.058,"[0, 9]","[14, 10]",14,True,,15,45.46,54.54,0,True,32.49,14,71.5,1
769,46.402,114.393,"[4, 4]","[19, 0]",15,True,,16,43.11,56.89,0,True,39.04,16,90.6,0
770,15.54,124.146,"[0, 15]","[19, 13]",19,True,,19,44.31,55.69,0,True,43.9,19,99.1,0
771,19.771,58.393,"[1, 4]","[12, 19]",15,True,,15,19.56,80.44,0,True,19.56,15,100.0,0
772,43.224,21.978,"[5, 12]","[19, 15]",14,True,,17,36.38,63.62,0,True,31.31,14,86.1,3
773,-43.427,-21.381,"[18, 15]","[3, 11]",15,True,,15,36.7,63.3,0,True,34.38,15,93.7,0
774,-26.469,91.581,"[7, 17]","[6, 0]",17,True,,18,27.21,72.79,0,True,21.49,17,79.0,1
775,-27.153,-123.387,"[7, 19]","[4, 4]",15,True,,15,19.31,80.69,0,True,17.9,15,92.7,0
776,-35.842,43.515,"[18, 19]","[2, 12]",16,True,,16,26.56,73.44,0,True,28.9,16,100.0,0
777,29.831,-89.22,"[19, 12]","[1, 10]",18,True,,18,58.87,41.13,2,True,53.14,18,90.3,0
778,54.768,145.683,"[15, 19]","[8, 4]",15,True,,17,36.04,63.96,0,True,30.14,17,83.6,0
779,22.903,49.15,"[9, 3]","[10, 18]",15,True,,34,87.4,12.6,4,True,41.07,16,47.0,18
780,46.148,-50.188,"[1, 18]","[16, 7]",15,True,,24,47.38,52.62,0,True,40.73,21,86.0,3
781,42.892,-95.103,"[3, 19]","[17, 19]",14,True,,14,14.0,86.0,0,True,25.24,14,100.0,0
782,-6.934,8.617,"[19, 18]","[4, 2]",16,True,,21,51.11,48.89,0,True,43.77,18,85.6,3
783,15.501,-142.888,"[18, 9]","[4, 9]",14,True,,14,25.66,74.34,0,True,24.83,14,96.8,0
784,-38.237,-55.47,"[4, 13]","[19, 7]",15,True,,19,45.11,54.89,0,True,37.56,22,83.3,-3
785,-38.07,159.763,"[2, 11]","[18, 14]",16,True,,16,28.14,71.86,0,True,27.73,16,98.5,0
786,-39.846,83.7,"[18, 4]","[0, 7]",18,True,,18,26.9,73.1,0,True,25.24,18,93.8,0
787,53.912,58.036,"[17, 17]","[19, 2]",15,False,energy_exhausted,50,100.0,0.0,0,True,46.49,15,,
788,43.619,-0.789,"[0, 16]","[17, 16]",17,True,,17,41.63,58.37,0,True,34.38,17,82.6,0
789,-40.434,62.432,"[5, 19]","[19, 19]",14,True,,14,20.66,79.34,0,True,34.49,14,100.0,0
790,50.857,133.474,"[10, 5]","[4, 19]",14,True,,15,36.04,63.96,0,True,31.73,14,88.0,1
791,51.348,12.374,"[18, 19]","[18, 5]",14,True,,17,38.31,61.69,0,True,34.0,14,88.7,3
792,-43.093,-178.024,"[4, 19]","[0, 5]",14,True,,14,24.73,75.27,0,True,24.07,14,97.3,0
793,-23.157,-134.242,"[12, 16]","[1, 0]",16,False,energy_exhausted,62,100.0,0.0,1,True,44.77,16,,
794,27.62,175.749,"[15, 19]","[7, 3]",16,True,,16,19.31,80.69,0,True,19.31,16,100.0,0
795,-50.764,32.312,"[2, 11]","[19, 12]",17,True,,26,59.14,40.86,0,True,40.49,17,68.5,9
796,36.418,105.39,"[4, 13]","[19, 17]",15,True,,17,32.73,67.27,0,True,29.07,16,88.8,1
797,40.563,-132.031,"[4, 19]","[18, 17]",14,True,,14,19.66,80.34,0,True,38.66,14,100.0,0
798,-21.489,-172.734,"[19, 14]","[1, 10]",18,True,,18,29.21,70.79,0,True,25.31,18,86.7,0
799,-50.821,-91.913,"[10, 17]","[9, 0]",17,True,,17,39.63,60.37,0,True,33.97,17,85.7,0
800,28.4,-74.9,"[18, 9]","[1, 10]",17,True,,17,49.46,50.54,3,True,38.63,17,78.1,0
801,-29.99,54.706,"[7, 4]","[13, 18]",14,True,,17,30.14,69.86,0,True,27.56,15,91.4,2
802,-31.584,-136.5,"[18, 1]","[3, 8]",15,True,,25,43.73,56.27,0,True,37.7,19,86.2,6
803,-54.171,38.715,"[6, 19]","[6, 3]",16,True,,16,41.7,58.3,0,True,38.38,16,92.1,0
804,-56.799,-178.084,"[0, 16]","[8, 0]",16,False,energy_exhausted,47,100.0,0.0,0,True,43.46,16,,
805,-39.553,-10.423,"[18, 13]","[4, 12]",14,True,,16,40.04,59.96,0,True,33.31,14,83.2,2
806,2.223,0.118,"[5, 1]","[8, 18]",17,True,,17,38.46,61.54,0,True,33.31,17,86.6,0
807,-53.037,-27.529,"[11, 0]","[6, 15]",15,True,,17,35.46,64.54,1,True,32.46,15,91.5,2
808,-40.06,152.97,"[16, 0]","[18, 16]",16,True,,17,41.8,58.2,1,True,39.49,16,94.5,1
809,18.797,-90.095,"[15, 0]","[0, 18]",18,True,,20,63.91,36.09,1,True,60.91,18,95.3,2
810,8.969,1.369,"[0, 0]","[13, 17]",17,True,,24,47.63,52.37,0,True,42.14,23,88.5,1
811,5.267,117.055,"[0, 10]","[19, 15]",19,True,,38,96.84,3.16,2,True,51.31,19,53.0,19
812,-21.736,129.237,"[18, 17]","[4, 5]",14,True,,21,46.46,53.54,0,True,40.36,14,86.9,7
813,-20.78,-70.041,"[7, 2]","[15, 17]",15,True,,16,47.53,52.47,4,True,44.46,15,93.5,1
814,-35.439,12.269,"[1, 1]","[3, 19]",18,True,,18,46.46,53.54,0,True,40.49,18,87.1,0
815,19.741,-167.917,"[12, 18]","[16, 4]",14,True,,14,16.49,83.51,0,True,15.66,14,95.0,0
816,34.364,26.296,"[19, 0]","[11, 19]",19,True,,24,43.56,56.44,2,True,36.97,21,84.9,3
817,37.72,-4.87,"[11, 2]","[2, 19]",17,True,,18,24.73,75.27,0,True,22.73,17,91.9,1
818,-58.141,-176.374,"[1, 2]","[15, 2]",14,True,,14,31.31,68.69,0,True,28.83,14,92.1,0
819,-26.274,-175.703,"[0, 6]","[14, 3]",14,True,,14,39.9,60.1,1,True,39.56,14,99.1,0
820,-15.191,-6.873,"[6, 18]","[18, 2]",16,True,,20,40.46,59.54,0,True,35.97,21,88.9,-1
821,16.211,105.237,"[16, 6]","[1, 19]",15,True,,16,56.67,43.33,0,True,56.25,16,99.3,0
822,-34.251,-133.485,"[3, 18]","[3, 3]",15,True,,15,28.56,71.44,0,True,22.49,15,78.7,0
823,45.514,54.164,"[19, 0]","[4, 9]",15,True,,16,43.11,56.89,0,True,33.14,18,76.9,-2
824,14.852,57.134,"[19, 19]","[0, 14]",19,True,,20,31.56,68.44,0,True,45.21,19,100.0,1
825,-59.847,-171.619,"[15, 17]","[1, 9]",14,True,,14,42.6,57.4,0,True,37.24,19,87.4,-5
826,37.538,-154.681,"[13, 2]","[1, 19]",17,True,,36,88.05,11.95,5,True,61.56,24,69.9,12
827,18.698,111.327,"[15, 0]","[17, 19]",19,True,,33,74.7,25.3,4,True,55.07,19,73.7,14
828,-43.259,-96.278,"[16, 13]","[1, 5]",15,True,,16,39.7,60.3,0,True,35.38,15,89.1,1
829,-20.774,161.018,"[5, 0]","[2, 19]",19,True,,25,73.6,26.4,2,True,58.46,19,79.4,6
830,-45.142,-42.066,"[18, 17]","[15, 2]",15,True,,15,39.46,60.54,1,True,32.07,15,81.3,0
831,-1.967,124.122,"[17, 0]","[7, 16]",16,True,,17,24.56,75.44,0,True,23.97,16,97.6,1
832,-21.413,-130.403,"[15, 0]","[1, 1]",14,True,,14,20.9,79.1,0,True,42.41,14,100.0,0
833,-9.955,63.348,"[0, 9]","[15, 17]",15,True,,15,28.38,71.62,2,True,28.38,15,100.0,0
834,-54.71,-57.549,"[0, 2]","[15, 19]",17,False,energy_exhausted,39,100.0,0.0,0,True,57.94,21,,
835,48.746,117.503,"[17, 17]","[2, 2]",15,True,,18,43.7,56.3,0,True,42.46,18,97.2,0
836,0.447,-65.553,"[16, 17]","[19, 3]",14,True,,14,27.97,72.03,0,True,22.31,14,79.8,0
837,-33.607,67.217,"[2, 18]","[13, 2]",16,True,,17,33.8,66.2,0,True,33.38,17,98.8,0
838,-23.422,-10.268,"[15, 0]","[7, 18]",18,True,,22,73.15,26.85,1,True,50.73,22,69.3,0
839,-48.108,65.689,"[19, 12]","[1, 16]",18,True,,20,40.9,59.1,1,True,35.49,18,86.8,2
840,18.167,96.979,"[19, 5]","[1, 7]",18,False,energy_exhausted,59,100.0,0.0,2,True,40.21,18,,
841,-58.886,-29.749,"[17, 0]","[0, 11]",17,True,,17,63.67,36.33,3,True,61.84,17,97.1,0
842,24.483,22.374,"[16, 0]","[12, 18]",18,True,,18,43.56,56.44,0,True,43.56,18,100.0,0
843,34.825,173.578,"[8, 0]","[16, 19]",19,True,,19,22.31,77.69,0,True,22.31,19,100.0,0
844,20.556,123.906,"[15, 7]","[1, 16]",14,True,,14,20.56,79.44,0,True,20.56,14,100.0,0
845,6.674,-177.259,"[9, 3]","[13, 18]",15,True,,15,16.66,83.34,0,True,16.66,15,100.0,0
846,12.501,154.637,"[15, 0]","[19, 19]",19,False,energy_exhausted,71,100.0,0.0,0,True,46.7,19,,
847,-13.009,121.677,"[2, 13]","[17, 14]",15,True,,15,49.87,50.13,1,True,47.38,15,95.0,0
848,38.796,14.66,"[16, 0]","[18, 16]",16,True,,16,37.56,62.44,0,True,35.83,16,95.4,0
849,31.611,-69.039,"[2, 12]","[17, 12]",15,True,,17,48.7,51.3,0,True,43.9,15,90.1,2
850,-42.818,-110.427,"[11, 18]","[18, 3]",15,True,,17,38.38,61.62,0,True,37.04,15,96.5,2
851,0.715,30.502,"[18, 0]","[6, 14]",14,True,,17,27.97,72.03,0,True,23.56,16,84.2,1
852,-39.419,-112.388,"[15, 5]","[10, 19]",14,True,,17,49.97,50.03,0,True,44.28,14,88.6,3
853,-32.299,148.629,"[13, 16]","[18, 1]",15,True,,16,38.38,61.62,1,True,27.14,16,70.7,0
854,-54.363,-81.051,"[2, 0]","[10, 14]",14,True,,19,48.53,51.47,0,True,38.94,14,80.2,5
855,-29.896,130.377,"[1, 7]","[18, 3]",17,True,,18,45.7,54.3,0,True,43.28,17,94.7,1
856,-3.846,-88.129,"[14, 3]","[17, 17]",14,True,,14,34.38,65.62,4,True,30.66,14,89.2,0
857,56.898,-161.371,"[7, 0]","[10, 15]",15,True,,15,45.28,54.72,0,True,40.07,15,88.5,0
858,5.925,101.776,"[9, 18]","[9, 3]",15,True,,15,16.66,83.34,0,True,15.83,15,95.0,0
859,-52.617,55.248,"[2, 13]","[18, 1]",16,True,,17,54.01,45.99,0,True,53.43,16,98.9,1
860,-18.642,78.149,"[4, 3]","[19, 6]",15,True,,15,36.49,63.51,1,True,33.97,15,93.1,0
861,22.789,99.195,"[13, 18]","[3, 4]",14,True,,15,40.7,59.3,0,True,39.46,15,96.9,0
862,51.379,-168.717,"[18, 16]","[2, 16]",16,True,,16,22.9,77.1,0,True,21.66,16,94.6,0
863,-19.649,6.694,"[12, 1]","[3, 16]",15,True,,17,40.46,59.54,0,True,36.46,15,90.1,2
864,13.957,-25.784,"[1, 1]","[5, 17]",16,True,,16,17.66,82.34,0,True,17.66,16,100.0,0
865,27.715,93.714,"[3, 17]","[2, 2]",15,True,,16,22.97,77.03,0,True,17.07,15,74.3,1
866,10.096,-43.829,"[19, 9]","[3, 13]",16,True,,16,47.14,52.86,0,True,47.14,16,100.0,0
867,-31.542,-157.055,"[4, 16]","[10, 2]",14,True,,14,30.97,69.03,0,True,30.63,14,98.9,0
868,-19.716,-83.484,"[17, 13]","[2, 15]",15,False,energy_exhausted,69,100.0,0.0,0,True,31.14,15,,
869,-5.28,-7.909,"[17, 5]","[1, 15]",16,True,,20,42.63,57.37,0,True,35.28,16,82.8,4
870,53.864,26.738,"[0, 1]","[14, 4]",14,True,,14,33.73,66.27,1,True,30.97,14,91.8,0
871,33.168,-139.984,"[0, 15]","[15, 8]",15,True,,21,59.94,40.06,0,True,31.9,19,53.2,2
872,-42.93,61.074,"[14, 3]","[0, 11]",14,True,,16,41.8,58.2,0,True,40.97,16,98.0,0
873,57.681,18.112,"[3, 16]","[17, 8]",14,True,,16,38.53,61.47,0,True,33.56,15,87.1,1
874,-0.299,-116.65,"[11, 0]","[10, 16]",16,True,,16,18.07,81.93,0,True,17.24,16,95.4,0
875,32.743,5.938,"[3, 8]","[17, 11]",14,True,,14,44.11,55.89,0,True,39.9,14,90.4,0
876,-42.057,-59.298,"[1, 0]","[16, 3]",15,True,,16,35.87,64.13,0,True,31.07,19,86.6,-3
877,52.528,113.864,"[1, 2]","[16, 4]",15,True,,15,43.38,56.62,4,True,39.83,15,91.8,0
878,11.341,-157.913,"[11, 4]","[12, 18]",14,True,,14,14.41,85.59,0,True,14.41,14,100.0,0
879,-13.335,30.697,"[14, 6]","[0, 14]",14,True,,16,38.56,61.44,0,True,32.8,18,85.1,-2
880,-47.827,-154.209,"[19, 19]","[19, 2]",17,True,,17,32.66,67.34,1,True,48.66,17,100.0,0
881,-38.022,-25.186,"[0, 15]","[9, 0]",15,True,,18,52.8,47.2,0,True,46.53,15,88.1,3
882,-22.453,66.395,"[18, 6]","[2, 14]",16,True,,18,48.87,51.13,1,True,44.77,16,91.6,2
883,-45.362,80.867,"[0, 4]","[12, 18]",14,True,,15,28.21,71.79,0,True,26.8,15,95.0,0
884,24.797,-160.301,"[16, 13]","[2, 9]",14,True,,17,32.9,67.1,0,True,28.66,14,87.1,3
885,-13.077,94.456,"[1, 4]","[15, 9]",14,True,,14,30.97,69.03,0,True,29.56,15,95.4,-1
886,-19.754,100.61,"[18, 2]","[4, 17]",15,True,,19,35.21,64.79,0,True,33.21,19,94.3,0
887,32.08,130.091,"[1, 10]","[15, 16]",14,True,,14,25.56,74.44,0,True,23.49,15,91.9,-1
888,-14.713,-158.253,"[14, 5]","[0, 4]",14,True,,14,50.94,49.06,4,True,43.83,14,86.0,0
889,44.408,-13.015,"[19, 4]","[4, 1]",15,True,,15,35.21,64.79,0,True,29.14,16,82.8,-1
890,21.303,-171.482,"[18, 18]","[2, 19]",16,True,,17,29.38,70.62,0,True,25.24,16,85.9,1
891,-8.795,42.149,"[15, 16]","[2, 0]",16,False,energy_exhausted,35,100.0,0.0,0,True,58.91,16,,
892,3.242,55.035,"[18, 7]","[3, 18]",15,True,,23,29.49,70.51,0,True,24.63,15,83.5,8
893,19.161,154.526,"[0, 7]","[19, 18]",19,True,,28,67.77,32.23,1,True,53.77,19,79.3,9
894,-16.373,92.418,"[0, 18]","[17, 19]",17,True,,17,25.24,74.76,0,True,37.04,17,100.0,0
895,53.721,19.821,"[1, 6]","[17, 5]",16,True,,16,27.14,72.86,0,True,26.14,16,96.3,0
896,-41.877,-129.764,"[6, 2]","[8, 19]",17,True,,18,37.8,62.2,0,True,35.97,18,95.2,0
897,-28.81,142.577,"[3, 16]","[11, 0]",16,True,,19,34.63,65.37,0,True,29.31,19,84.7,0
898,45.513,168.684,"[15, 6]","[0, 17]",15,True,,21,49.94,50.06,0,True,42.28,18,84.7,3
899,7.868,127.054,"[10, 0]","[19, 16]",16,True,,18,41.63,58.37,0,True,33.97,18,81.6,0
900,-0.766,157.226,"[13, 18]","[9, 1]",17,True,,19,36.56,63.44,0,True,33.49,17,91.6,2
901,-10.244,27.63,"[15, 19]","[8, 2]",17,True,,35,83.04,16.96,0,True,42.49,19,51.2,16
902,44.625,-62.222,"[3, 13]","[19, 13]",16,True,,17,39.31,60.69,2,True,37.14,16,94.5,1
903,-36.781,75.107,"[2, 6]","[17, 19]",15,True,,20,60.87,39.13,1,True,60.04,20,98.6,0
904,27.812,32.548,"[9, 0]","[18, 16]",16,True,,17,27.14,72.86,0,True,24.73,17,91.1,0
905,-53.775,62.028,"[14, 17]","[10, 1]",16,True,,16,35.73,64.27,0,True,34.9,16,97.7,0
906,20.058,40.543,"[18, 17]","[4, 3]",14,True,,17,57.6,42.4,3,True,54.08,15,93.9,2
907,35.975,-17.956,"[15, 8]","[1, 7]",14,True,,17,51.21,48.79,1,True,40.49,14,79.1,3
908,-13.731,7.185,"[0, 8]","[19, 13]",19,True,,19,21.07,78.93,0,True,21.07,19,100.0,0
909,48.092,18.135,"[3, 1]","[19, 15]",16,True,,27,51.28,48.72,0,True,40.11,18,78.2,9
910,-31.141,-78.232,"[11, 3]","[4, 19]",16,True,,17,44.21,55.79,0,True,42.87,16,97.0,1
911,33.724,154.764,"[7, 14]","[1, 0]",14,True,,40,54.08,45.92,0,True,16.49,14,30.5,26
912,-42.955,65.839,"[16, 4]","[0, 0]",16,True,,16,41.28,58.72,0,True,36.66,16,88.8,0
913,48.704,135.475,"[16, 0]","[0, 17]",17,True,,23,50.53,49.47,0,True,45.94,20,90.9,3
914,27.331,103.647,"[0, 10]","[19, 12]",19,True,,19,45.66,54.34,2,True,45.07,19,98.7,0
915,37.431,-133.718,"[2, 5]","[16, 14]",14,True,,16,48.04,51.96,0,True,47.28,15,98.4,1
916,20.893,88.949,"[4, 1]","[6, 19]",18,True,,19,46.73,53.27,0,True,45.04,18,96.4,1
917,-53.47,117.269,"[18, 8]","[0, 15]",18,True,,18,50.04,49.96,1,True,48.31,20,96.5,-2
918,28.783,-130.616,"[2, 15]","[17, 1]",15,True,,16,53.67,46.33,0,True,52.67,16,98.1,0
919,0.066,52.229,"[18, 16]","[3, 9]",15,True,,15,22.97,77.03,0,True,18.49,16,80.5,-1
920,-31.577,-3.363,"[3, 19]","[0, 4]",15,True,,15,21.73,78.27,0,True,28.24,15,100.0,0
921,-52.498,-52.915,"[18, 8]","[2, 4]",16,True,,16,64.46,35.54,11,True,56.43,17,87.5,-1
922,40.182,-49.937,"[19, 14]","[5, 12]",14,True,,14,31.9,68.1,0,True,31.24,14,97.9,0
923,0.021,175.519,"[19, 8]","[0, 11]",19,True,,19,24.14,75.86,0,True,21.24,19,88.0,0
924,7.306,-116.706,"[0, 9]","[14, 3]",14,True,,14,48.28,51.72,2,True,45.21,14,93.6,0
925,2.251,152.183,"[16, 2]","[5, 19]",17,True,,19,61.43,38.57,2,True,50.21,20,81.7,-1
926,-52.477,-156.426,"[8, 2]","[7, 19]",17,True,,17,48.28,51.72,0,True,41.56,18,86.1,-1
927,34.39,26.18,"[5, 1]","[14, 17]",16,True,,17,42.63,57.37,0,True,40.38,18,94.7,-1
928,-44.135,-167.369,"[12, 14]","[7, 0]",14,True,,14,23.31,76.69,0,True,22.07,14,94.7,0
929,-33.244,-160.83,"[1, 17]","[13, 0]",17,True,,17,27.63,72.37,0,True,26.14,20,94.6,-3
930,-0.871,-27.36,"[16, 0]","[0, 1]",16,True,,16,23.31,76.69,0,True,32.9,21,100.0,-5
931,-53.53,-171.21,"[15, 3]","[19, 17]",14,True,,14,28.97,71.03,0,True,44.14,14,100.0,0
932,35.779,124.407,"[1, 19]","[19, 17]",18,True,,18,33.38,66.62,0,True,34.07,18,100.0,0
933,-32.017,85.194,"[19, 0]","[9, 19]",19,True,,20,34.04,65.96,1,True,32.38,20,95.1,0
934,4.005,-38.203,"[16, 5]","[6, 19]",14,True,,20,39.38,60.62,3,True,32.63,14,82.8,6
935,10.127,-135.704,"[19, 17]","[12, 0]",17,True,,21,67.87,32.13,1,True,60.8,19,89.6,2
936,47.818,105.069,"[18, 16]","[13, 0]",16,True,,16,36.8,63.2,0,True,33.14,18,90.1,-2
937,-8.655,124.89,"[7, 2]","[0, 17]",15,True,,16,53.43,46.57,0,True,44.04,15,82.4,1
938,9.173,-139.859,"[14, 4]","[6, 19]",15,True,,17,44.46,55.54,1,True,39.04,16,87.8,1
939,26.358,33.478,"[10, 16]","[16, 1]",15,True,,16,47.7,52.3,0,True,44.56,16,93.4,0
940,-19.901,-101.145,"[5, 9]","[19, 15]",14,True,,14,44.28,55.72,0,True,40.66,17,91.8,-3
941,-20.003,-42.209,"[18, 17]","[3, 19]",15,True,,16,19.07,80.93,0,True,19.83,15,100.0,1
942,33.163,-101.854,"[3, 16]","[19, 2]",16,True,,22,41.63,58.37,0,True,32.38,20,77.8,2
943,-28.506,177.692,"[1, 17]","[9, 2]",15,True,,19,34.14,65.86,0,True,29.73,15,87.1,4
944,-19.558,-127.233,"[8, 4]","[18, 19]",15,True,,48,89.88,10.12,1,True,32.63,17,36.3,31
945,-21.582,61.585,"[0, 9]","[14, 10]",14,True,,14,41.56,58.44,0,True,40.41,14,97.3,0
946,32.804,75.54,"[18, 11]","[4, 11]",14,True,,14,44.14,55.86,0,True,44.14,14,100.0,0
947,-34.425,35.803,"[13, 2]","[7, 19]",17,True,,19,28.49,71.51,0,True,29.66,19,100.0,0
948,32.645,-29.789,"[1, 6]","[17, 7]",16,True,,16,36.66,63.34,1,True,35.9,16,97.9,0
949,26.545,55.947,"[0, 17]","[17, 19]",17,True,,17,27.9,72.1,0,True,36.66,17,100.0,0
950,41.3,122.996,"[0, 2]","[14, 8]",14,True,,14,40.8,59.2,0,True,38.21,14,93.7,0
951,2.444,-151.229,"[1, 12]","[18, 1]",17,True,,17,60.84,39.16,4,True,49.11,20,80.7,-3
952,-48.559,-53.512,"[5, 19]","[11, 2]",17,True,,19,48.38,51.62,0,True,39.7,17,82.0,2
953,40.375,147.002,"[17, 7]","[3, 14]",14,True,,16,39.63,60.37,0,True,39.21,16,99.0,0
954,9.522,-27.188,"[16, 19]","[8, 5]",14,True,,20,48.28,51.72,2,True,27.56,17,57.1,3
955,-10.423,145.03,"[19, 5]","[3, 3]",16,True,,16,46.36,53.64,2,True,39.49,16,85.2,0
956,-22.8,93.352,"[0, 17]","[0, 2]",15,True,,15,22.0,78.0,0,True,42.0,15,100.0,0
957,14.606,24.223,"[3, 18]","[10, 1]",17,True,,19,52.6,47.4,0,True,44.87,17,85.3,2
958,10.817,91.647,"[14, 7]","[0, 18]",14,True,,15,26.38,73.62,0,True,24.56,15,93.1,0
959,-54.626,10.823,"[19, 11]","[0, 13]",19,True,,19,60.01,39.99,0,True,48.87,19,81.4,0
960,16.648,-177.07,"[1, 13]","[19, 14]",18,False,energy_exhausted,70,100.0,0.0,1,True,35.73,20,,
961,-1.271,-57.468,"[17, 18]","[2, 19]",15,True,,15,23.31,76.69,0,True,24.66,15,100.0,0
962,-1.656,80.768,"[0, 2]","[18, 4]",18,True,,18,40.73,59.27,0,True,32.73,18,80.4,0
963,9.628,-21.164,"[1, 12]","[15, 0]",14,True,,14,35.53,64.47,0,True,31.87,15,89.7,-1
964,49.617,128.687,"[0, 16]","[17, 16]",17,True,,19,34.38,65.62,0,True,34.83,17,100.0,2
965,-16.074,28.722,"[18, 0]","[4, 12]",14,True,,15,33.87,66.13,0,True,33.46,15,98.8,0
966,22.625,-178.79,"[17, 15]","[3, 0]",15,True,,20,66.53,33.47,5,True,58.5,16,87.9,4
967,-54.172,43.275,"[15, 19]","[16, 2]",17,True,,17,35.14,64.86,0,True,34.97,17,99.5,0
968,35.509,-175.835,"[3, 17]","[17, 19]",14,True,,14,20.49,79.51,0,True,38.24,14,100.0,0
969,-16.896,80.384,"[6, 1]","[8, 19]",18,True,,19,51.28,48.72,0,True,43.97,18,85.7,1
970,41.398,57.616,"[0, 15]","[15, 4]",15,True,,19,53.77,46.23,1,True,45.94,19,85.4,0
971,-29.615,-140.68,"[17, 10]","[3, 6]",14,True,,14,28.38,71.62,0,True,25.73,14,90.6,0
972,32.964,-98.466,"[1, 2]","[19, 4]",18,True,,18,18.83,81.17,0,True,18.83,18,100.0,0
973,-51.127,-11.254,"[3, 2]","[7, 16]",14,True,,14,41.8,58.2,0,True,39.31,15,94.1,-1
974,-52.842,-34.253,"[17, 1]","[5, 19]",18,True,,21,69.67,30.33,0,True,63.77,20,91.5,1
975,-39.027,-88.089,"[10, 4]","[7, 18]",14,True,,14,42.21,57.79,2,True,37.07,14,87.8,0
976,31.643,-15.361,"[13, 19]","[5, 1]",18,True,,20,42.63,57.37,0,True,38.49,22,90.3,-2
977,47.24,-158.246,"[6, 1]","[13, 16]",15,True,,16,43.7,56.3,0,True,41.38,16,94.7,0
978,50.74,-160.82,"[11, 3]","[13, 19]",16,True,,17,53.11,46.89,0,True,45.66,16,86.0,1
979,-49.671,53.645,"[0, 11]","[19, 19]",19,True,,23,57.36,42.64,1,True,54.36,20,94.8,3
980,-8.414,176.403,"[17, 17]","[3, 15]",14,True,,14,31.73,68.27,0,True,30.73,14,96.8,0
981,15.417,-125.073,"[3, 12]","[19, 12]",16,True,,17,27.73,72.27,0,True,23.73,18,85.6,-1
982,23.748,-142.793,"[5, 3]","[14, 18]",15,True,,16,26.97,73.03,0,True,25.38,15,94.1,1
983,59.731,114.808,"[19, 5]","[2, 13]",17,True,,20,45.94,54.06,0,True,38.87,21,84.6,-1
984,-50.022,133.661,"[18, 17]","[1, 3]",17,True,,26,70.67,29.33,1,True,52.63,24,74.5,2
985,-13.424,-159.617,"[10, 0]","[8, 17]",17,False,energy_exhausted,76,100.0,0.0,0,True,31.9,20,,
986,38.401,8.787,"[10, 2]","[2, 19]",17,True,,20,40.04,59.96,0,True,35.21,22,87.9,-2
987,-57.296,46.264,"[2, 9]","[16, 19]",14,True,,15,55.6,44.4,2,True,53.84,14,96.8,1
988,-26.818,40.51,"[3, 19]","[18, 6]",15,True,,24,39.38,60.62,0,True,28.38,17,72.1,7
989,-7.271,139.973,"[14, 15]","[9, 1]",14,True,,16,40.28,59.72,0,True,36.21,15,89.9,1
990,20.962,131.206,"[18, 19]","[2, 15]",16,True,,16,19.31,80.69,0,True,17.66,16,91.4,0
991,20.867,-99.752,"[1, 10]","[16, 16]",15,True,,21,38.21,61.79,0,True,35.7,15,93.4,6
992,43.231,22.115,"[17, 15]","[18, 0]",15,True,,15,37.73,62.27,0,True,37.07,15,98.3,0
993,-53.723,145.672,"[15, 14]","[16, 0]",14,True,,14,43.97,56.03,1,True,41.07,14,93.4,0
994,-22.555,94.795,"[14, 17]","[9, 3]",14,True,,14,24.9,75.1,0,True,24.49,14,98.3,0
995,-26.596,-130.286,"[16, 0]","[17, 19]",19,True,,19,47.28,52.72,1,True,39.9,19,84.4,0
996,54.772,-80.59,"[9, 19]","[18, 0]",19,True,,20,42.11,57.89,0,True,37.8,19,89.8,1
997,-35.723,-127.772,"[19, 6]","[0, 16]",19,True,,24,62.21,37.79,0,True,58.38,22,93.8,2
998,18.666,-53.678,"[0, 2]","[15, 7]",15,True,,16,41.04,58.96,0,True,35.31,15,86.0,1
999,-12.354,-114.976,"[2, 1]","[17, 10]",15,True,,19,38.73,61.27,0,True,36.73,17,94.8,2
1000,27.146,43.319,"[10, 2]","[12, 17]",15,True,,17,52.18,47.82,0,True,40.07,15,76.8,2
